sentence_id	sentence	factuality
1083744548	Are you drinking decaf or caffeinated?	FACT
350940492	That does sound like you have a food sensitivity to coffee.	OPINION
1099837313	 I don't think it's the caffeine, but one way you can figure out if it's caffeine is to try black or green tea (both are from the same plant).	OPINION
1422180636	 Just be mindful that the green tea can still carry a problem with lead from the processing.	FACT
1934892816	 Dr. Mercola has articles that explain this more thoroughly.	FACT
1902757391	 There are some that he explains don't have this risk.	FACT
1882214592	 I know it seems like there shouldn't be a risk, since they are steaming, then drying to keep the leaves green.	OPINION
513567436	 So, I'm not sure where the lead comes from.	OPINION
416554499	 But, black tea doesn't carry the same risk.	OPINION
684960171	 I myself simply can't drink tea, though, because the tannin bothers me.	EXPERIENCE
576436274	I think you're right.	OPINION
866997827	 I don't tolerate the tea plant at all myself.	FACT
1536643017	 The GERD is bothered by it, but I also get headaches from the tea plant.	EXPERIENCE
2043428188	 So, like you, I can't touch the real tea.	FACT
1203401400	 It doesn't really surprise me that you are so attracted to the smell of coffee, even though you are clearly allergic to it.	OPINION
2131799626	 I've learned a few years ago that often both people and pets tend to crave the very things they are allergic or sensitive to.	OPINION
83126042	 I know that this is true even of my cat.	OPINION
1513714680	 She is definitely allergic to grains, but if there is something that smells really good to her that is loaded with grains, she wants it.	FACT
1599229961	 And, she will try to take it.	EXPERIENCE
2012718212	 She isn't normally like this with foods she isn't allergic to.	FACT
194659775	 If I'm eating meat, which she doesn't seem to have any allergies to that I don't have, she behaves herself quite nicely.	EXPERIENCE
253016793	 She might beg, but she begs politely instead of trying to take something.	OPINION
2078831917	 When I saw that this happens even with the cat, I knew that what I had read about craving things one is allergic to is true and it can't be just psychological.	OPINION
2015366979	 Cats are obligate carnivores after all.	FACT
2104219107	 There is likely a psychological connection, but it seems that there must be a physical connection, too, since the cat does this somewhat if something is really rich, like muffins, which I haven't had in forever since I haven't figured out how to make gluten free.	OPINION
1293426315	Yeah we had switched our cats to a grain free food and our dog too called Tasted of the Wild: http://www.tasteofthewildpetfood.com/ You can find their food at your Tractor Supply stores.	EXPERIENCE
852527090	 It costs a little more than normal cheap dogwoods/catfoods but has really been worth it for them.	OPINION
825649104	 Their coats thickened up and they are eating less because they are actually full.	EXPERIENCE
4605579	As for my coffee intolerance yes amazing that I enjoy the smell of it so much :(  Gotta retrain myself.	FACT
1253296586	I think after a while you do actually start to feel more displeasure from the stuff you crave.	OPINION
874000542	 There are times when my body has had enough coffee, so I have no pleasure in the coffee aisle--just a lot of sneezing.	EXPERIENCE
1356572612	 I don't drink it all the time, but it does actually help with migraines if I don't drink too much of it.	EXPERIENCE
1968609893	That's a good resource for dog owners to know about.	OPINION
48226202	 I don't personally have a dog, but so many people do, so it's greatly appreciated that you posted that information.	OPINION
884076467	I am allergic to coffee.	FACT
1970634392	A scratch test showed the allergy.	EXPERIENCE
1695120148	However, I am allergic to coffee only if I drink it.	FACT
905694708	Smelling it does not bother me.	FACT
1928351442	I also have to avoid mocha.	FACT
1889137670	Since coffee is roasted, the protein must be in the roasted bean.	OPINION
1485471082	I don't know if this is right or not, but it seems like I remember there being a common protein or a common natural chemical in both coffee and chocolate.	OPINION
506218659	 I know that both have to be roasted in order to use them, too.	FACT
2022711636	You are both right actually I was reading about this recently as well that it is actually the protein in the coffee that causes this.	OPINION
824939865	 I had broke down this past week and had coffee and then I wake up the next day with swollen eyes and face.	EXPERIENCE
958828112	 It's one thing with shrimp I recently had a pretty bad reaction that I never had before and broke out in a rash and welts all over my legs--- I know now not to eat shellfish.	EXPERIENCE
1530688725	 But the caffeine habit is hard to break because I get the physical addiction of a headache, nausea, fatigue.	EXPERIENCE
1093819964	 So what I am going to do this week is cut out the coffee/tea etc and if I get a caffeine headache, take an Excendrin for Tension headaches. (	FACT
2083472814	that has tylenol/caffeine 65 mg) and just ween myself that way.	FACT
675681116	 It's obvious this is causing a reaction so using coffee to ween isn't helping.	FACT
446420219	 I'm really glad to hear of others with the same issue.	OPINION
13370972	 It makes me feel better.	OPINION
684200588	I am allergic to coffee, but bc it has a high content of nickel (which I'm allergic to).	FACT
1274494904	 If you notice feeling sick after eating other nickel-high foods (beans, chocolate, peas, whole wheats)...or if you react when wearing cheap jewlry, you may want to get tested for nickel allergy.	OPINION
45297449	That's a good resource.	OPINION
2007970097	 I bookmarked it.	FACT
531751458	 I have relatives with nickel allergies, and they might not be aware of the foods that make them feel worse.	EXPERIENCE
49682307	 Plus, several of us have chronic illnesses, so this might be a contributing factor.	OPINION
1310715425	Great resource betbri, I never knew about metal allergies.	OPINION
1761008975	 Nor did I realize it has a high content of nickel in it.	OPINION
2007254804	 That is very interesting indeed.	OPINION
1508778260	 I actually had some of the metals removed from my mouth and replaced with white fillings.	EXPERIENCE
1727030083	 I did read up on some of the vapors that can be given off from amalgam fillings and was astonished.	OPINION
377740334	 I have a few that still need to be replaced, but better than the many I had in there.	OPINION
1929304761	 Did you do the Melisa test betbri or just go to your allergy doctor to be tested?	FACT
301921109	This is interesting to me about the mineral make-up.	OPINION
455739995	 I hadn't thought of this at all, but metals are considered to be minerals.	FACT
657558651	 I haven't looked up the above link, but what I was thinking of was that a friend used some on me--once.	FACT
501989083	 I didn't get the severe allergic reactions that people who get rashes from metals would probably get, but I did get a bit itchy.	EXPERIENCE
726135070	 The thing is, I can wear the cheap costume jewelry metals, like the metal watchband that I have that I know my cousins with metal allergies can't wear.	EXPERIENCE
695886759	 But, the cheap ear wires and other costume jewelry metals do bother my ears a little.	EXPERIENCE
1787495488	 So, I do switch out the ear wires to the sterling silver and the gold filled slightly more expensive ear wires.	EXPERIENCE
565192801	 I am fine with these, but I know my cousins are still not fine with these, and neither is someone else I know who can only wear pure yellow gold.	EXPERIENCE
1703960065	 So, she doesn't have a whole lot of jewelry that she wears regularly because of this.	EXPERIENCE
740943601	What I'm wondering is if the milder reaction I get from the cheap ear wires is more of a sensitivity to nickel and other cheaper metals, or is it something else?	OPINION
1467539331	Don't worry.	NOT_LABELED
1891875383	 I will find out more.	NOT_LABELED
1111415162	 I do know about the white gold, for example, because a friend with metal allergies found out that white gold still has metal alloys in it.	EXPERIENCE
656051308	 She can't wear the white gold because of the alloys.	EXPERIENCE
1054355901	 I don't understand why doctors assume that a skin allergy to metals isn't serious enough to consider that taking the stuff internally would still be bad.	OPINION
299190381	 I mean, the whole reason the skin scratch tests work as tests is because the skin is reacting to something the whole body is allergic to.	FACT
1397950897	 And, the skin is the largest organ in the body.	FACT
2134041587	 It just happens to be on the outside.	FACT
1207916771	 I did look at the MELISA site.	FACT
238359850	 I plan on sending the link to a cousin of mine, since she and all of her sisters are allergic to metals.	FACT
409444519	 They may not be aware of the food allergy connection.	FACT
857911515	 I have a lot of sensitivities versus allergies.	FACT
1127112609	 Now I'm beginning to wonder if the milder reaction I get from cheap ear wires, whether nickel or stainless steel, is connected to the food sensitivities.	EXPERIENCE
779679723	 I will definitely be on guard and not allow any metal devices to be inserted in my body, since I have sensitivities.	OPINION
1660379540	What is comical and also something to think about is when you get dental work done.	OPINION
180789881	  About 6 months ago I had a root canal done on a back tooth, the dentist had file separation occur while performing the procedure.	EXPERIENCE
1128884081	What is file separation I asked--- and he calmly explains to me that the drill broke off into my root system.	EXPERIENCE
1701777892	 So yes I now have a little piece of titanium that you can see in my x-ray.	EXPERIENCE
2117334290	 Thank goodness I have not had any allergic reaction to it or issues.	EXPERIENCE
1330540504	I guess I have the extreme end then.	OPINION
308766055	I have been deadly allergic to the coffee bean protein all my life.	EXPERIENCE
98271153	Like peanut allergy smell, contact or taste will cause my lungs to cease in minutes.	FACT
1062513426	Death is imminent in 10 minutes.	FACT
546946599	I cannot go near coffee shops as I would need a type 3 bio hazard suit and that would cause a huge problem.	FACT
379538835	I am not kidding either I really am that dangerously allergic to coffee.	FACT
920634107	Some kinds ill pass out if i smell it in minutes while others ill cough a lot and manage to get out of range.	FACT
1996941500	It's not a caffeine issue as I can drink tea no problem I was told im allergic to the coffee bean proteins themselves.	EXPERIENCE
1737056500	Investigate dairy products such as milk and cheese.	FACT
1755556500	 Include cow's milk versus goat's milk, etc.	FACT
440791185	 I have asthma and my son inherited it from me.	EXPERIENCE
327144820	 He mentioned the connection and I am checking it out now.	FACT
487975896	 So far, for me there does seem to be a strong parallel between consuming dairy products from a cow and  asthma (and phlegm).	OPINION
2061607054	Interesting thread with great comments ....C~	NOT_LABELED
1104442127	I am allergic to coffee as well.	FACT
1639836882	If I drink one cup, I will be with fever and fatigued in bed for two days.	EXPERIENCE
1783269460	Perhaps it is the metal content; however, I do not experience hives, rash or swelling.	EXPERIENCE
1894814814	I have not drank coffee or related products for three years, yet I am frequently exposed to many metals and have not experienced any allergies to them.	EXPERIENCE
865189630	You are the first person I've heard about in my Google searches so far who's got a true IgE food allergy to the coffee bean.	FACT
1435370684	Thank you for sharing your experience!	NOT_LABELED
348425729	My 20-month-old son got a tiny sip of a black coffee drink (no milk or other ingredients added) and almost needed his EpiPen Jr  before his reaction stopped progressing on its own.	EXPERIENCE
814226536	His face, back, and chest got littered in hives, even his eyelids.	EXPERIENCE
1520922465	His eyes got all red and itchy, and his nose started running off his face, which induced some sneezing and coughing.	EXPERIENCE
563398920	He then acted very cranky and off, and even felt fevered, for the next two days.	EXPERIENCE
352304224	He has an appt this Tuesday with his allergist to verify the coffee bean allergy.	EXPERIENCE
1244338982	He's already very allergic to peanuts, nuts, eggs, and dairy, so I don't know how in the world we're adding a potentially anaphylaxis allergy to coffee, of all things.	EXPERIENCE
241788284	It's everywhere when you really think about it!	FACT
1784096893	I just found this post on coffee allergy and this seems closest to what I have.	FACT
255991730	I'm 45 and on/off have been drinking coffee.	FACT
1274293119	In the last year, at least once a week I've had a very bad allergy attack similar to hay fever.	EXPERIENCE
1992029886	Stuffy nose, congestion, headache and sneezing.	EXPERIENCE
1009532288	It happens so frequently I was ready to go to the doctor but before going, I wanted to start tracking my daily behavior to narrow down what could be causing it.	EXPERIENCE
1461702313	I drink wine, I smoke - I'm sure it could be any number of things.	EXPERIENCE
1169890379	I stopped wine for a while and I was still getting them.	EXPERIENCE
1136823130	I cut out cigarettes and was still getting them.	EXPERIENCE
1123308750	Then one day, I decided to switch to tea instead of coffee and within one week, I wasn't getting the allergy attacks anymore!	EXPERIENCE
1781146200	There is very little online about the type of coffee allergy I've been experiencing but in doing some initial research, it looks like this is developing over time and perhaps its not an actual caffeine allergy as it is something to do with the coffee or it's processing methods.	OPINION
1407933880	I think more research needs to be done in this area..	OPINION
1535564996	There is a link between coffee sensitivity and gluten sensitivity!	FACT
1826137088	If you have gluten problems then it is very likely that the protein found in coffee is causing you the problems!	OPINION
790927179	You may not be able to digest the protein in coffee that is similar to the protein found in gluten.	OPINION
1577567947	I developed this same problem!	EXPERIENCE
680977283	I am gluten intolerant!	FACT
1608675699	I began to realize that after drinking coffee, I had the same symptoms of swelling eyes, nasal drip and itchy ears!	EXPERIENCE
1993978222	After doing a little research I came across a few articles about coffee and gluten sensitivity!	FACT
893777727	 Google coffee and gluten sensitivity!	NOT_LABELED
360918794	 I love coffee and this was very disappointing for me!	OPINION
538461864	I now drink a coffee substitution and feel much better!	EXPERIENCE
670448897	 It was tough to give up coffee but my immune system was really working over time trying to fight off the immune response of my system trying to digest the protein in the coffee.	EXPERIENCE
1262850890	 I now realize I have a coffee intolerance just as I have a gluten intolerance.	EXPERIENCE
724298312	It's the inability to digest the protein in both.	FACT
298779766	Hello everyone, I am a 40 y. o. musician and I enjoy a healthy lifestyle ( balanced diet + daily exercise).	FACT
95066028	My health is good except for a recently diagnosed intolerance to Tyramine.	FACT
984919524	For ex.	EXPERIENCE
2116216942	if i eat a few slices of salami on an empty stomach it will trigger an attack, which is always the same : i get a really fast heartbeat + increased blood pressure + nausea 15 mn after ingestion.	EXPERIENCE
2222216942	Sometimes the heart palpitations last for 1/2 h ( 120-130 bpm), and the nausea + lightheadedness will last for a day, it depends on the type of food, if i am tired etc... I am 99% sure the culprit is Tyramine, which is a natural amine found in all foods but much higher in foods that are aged, fermented, pickled  ( salami, cheese, sauerkraut, smoked salmon, anchovy paste ), in foods that have been stored for a long time ( nuts, dried fruits) and also in overripe fruits like bananas, oranges and avocados.	OPINION
493943550	 The list of foods I was reacting to was so eclectic, I couldn’t find the link between them for a long time, it was very perplexing and scary and i lost a lot of weight.	EXPERIENCE
1942522562	I did a lot of research, started an elimination diet and asked many doctors before a neurologist mentioned the cheese migraine symptoms to me.	EXPERIENCE
1394439517	Later I found a list of Tyramine loaded foods in which I recognized every single food that had triggered an attack after I ingested it.	EXPERIENCE
1196337335	There is no test to confirm my theory but since I eliminated these Tyramine loaded foods from my diet I feel much better and less terrified of eating, and I am even putting some weight back on ( 112 lbs for 5’4”).	EXPERIENCE
1316289586	 Soon hopefully I will feel strong enough to start reintroducing these foods into my diet in very small quantities to get myself desensitized, unless of course one day I wake up free of this strange condition that appeared for no reason and might disappear the same way.	OPINION
934620636	 I guess what is very puzzling to me is the fact that this sensitivity appeared out of the blue, that the symptoms are so violent and that I DO NOT get migraines.	OPINION
1042235727	People who have problems with foods high in Tyramine usually are either migraine sufferers and/or on antidepressant ( MAOs).	FACT
76385122	I do not take any medication and my symptoms are always exactly the same 5 to 10 mn after ingesting the culprit food : tachycardia + hypertension + tremors + nausea and sometimes light headache when the attack is really bad.	EXPERIENCE
1760648899	After having had about 14 attacks within the last 12 months it is such a relief to be able to eat again !	EXPERIENCE
1390014018	 So I guess now my goal is to put the word out and ask as many persons as possible is they have ever heard of a patient with the same symptoms, which is why I posted this text.	OPINION
1089067941	 Does anyone have the same symptoms or know anything about Tyramine ?	FACT
1627066056	I think tyramine effects glucose uptake and insulin sensitivity.	OPINION
1284679874	The heart reacts to changes in insulin levels, which can cause the palpitations.	FACT
1518247415	 Perhaps you are becoming more insulin sensitive, for some reason?	FACT
1007291175	Congratulations on finding the culprit causing your symptoms!	OPINION
1731111567	Great sleuthing!	NOT_LABELED
1560402865	Hi, My daughter has the same thing (tyramine) and within 36 hrs of eliminating it in her diet ALL her symptoms went away .. migraine/joint pain/loss of concentration and word retrieval issues.	EXPERIENCE
1248672972	 It took about 3 weeks into a total food elimination diet thru her allergist to find both tyramine &amp; sulfites.	EXPERIENCE
941001419	 And, this was 10 yrs ago.	EXPERIENCE
886490434	 Today .. she avoidds and is fine.	FACT
244679455	 We were told it is most likely a severe intolerance and not a true allergy in my dd's case.	EXPERIENCE
42412741	C~	EXPERIENCE
1927348561	I experience chest pains very soon after eating dark chocolate, shark meat, bison meat, aged cheeses (cheddar, etc.)...	EXPERIENCE
210683023	it is so consistent and predictable.	FACT
1919507407	 I also used to get migraines - but just chest pains.	EXPERIENCE
1074331574	 They go away after a few minutes, but I still have to learn to curb my portions of high-tyramine foods.	EXPERIENCE
1335064935	I have a severe intolerance to Tyramine, and maybe other things - who knows?!	EXPERIENCE
761662617	 I realised what it was over 14 years ago, but know the symptoms were there for about ten years previous!	FACT
1363558572	 The only things I can eat now without succombing to severe and prolonged pain are:  pasta, carrots, parsnips, peppers, apples, melons and pears.	EXPERIENCE
1920128031	 Over the years it has gotten worse, the list didn't start out this short!	EXPERIENCE
1248291142	 And I've lost about 3 or 4 stone over time!	EXPERIENCE
843229895	I've asked for help repeatedly from my GP, but they're not interested and just say that there is nothing they can do.	EXPERIENCE
2092759961	 And I keep getting worse.	EXPERIENCE
1390138362	What do I do ?!!	FACT
172535440	I am a migraine sufferer myself.	EXPERIENCE
1619435716	 Now I am intrigued and will definitely do some research about Tyramine.	FACT
1690783956	 I do have food sensitivity issues as well, so this looks like a worthy research to do for myself.	EXPERIENCE
286313919	 I never heard of Tyramine and the neurologist never mentioned it before.	FACT
1973267234	tyramine is a catecholamine releasing agent.	FACT
1192368121	tyramines sends my blood pressure sky rocketing(hypertensive crisis) and then i start vomiting, usually all day.	EXPERIENCE
230992822	i have had this problem all my life and only found out about it last year.	EXPERIENCE
38105213	i will be 64 in November.	FACT
532470828	i wished i would have learned about it sooner.	OPINION
1907652723	Yep, tyramine intolerance does affect migraines and IBS.	FACT
442508551	 I had already eliminated many foods in that list because of preservatives for me.	EXPERIENCE
1589571983	 I have stayed away from high tyramine foods and that helped.	EXPERIENCE
249183802	 Through my research I have found that gluten intolerance is actually a part of tyramine intolerance, so I recommend that you also eat a gluten free diet.	OPINION
1740068644	 It made a huge difference for me.	EXPERIENCE
1797846226	I had the same thing begin suddenly in 2014.	EXPERIENCE
1959474239	I am healthy eater - or so I thought.	OPINION
1718344831	After trips to doc and a couple to the ER I found that eating fresh food - not eating canned or pre-packaged eliminated most symptoms.	FACT
812494092	My research uncovered a ton of info - I hope that you find this helpful: Regular coffee, tea, and soft drinks are on the list of things to avoid.	FACT
1173624664	Not sure about decaf.	OPINION
799527287	Canned and packaged food contains sulfites,  Nitrates and preservatives that trigger symptoms.	FACT
383833835	Aged meats such a salami, pepperoni bacon, jerky, sausage, hot dogs should be avoided.	OPINION
1886164230	Anything femented, aged can cause problems.	FACT
1503127559	Beer, wine, aged cheese, Seeds and nuts cause problems for those with the sensitivity.	FACT
1170400361	 I also eliminated bread as yeast is a trigger.	EXPERIENCE
1044098158	Another trigger is Soy - soy oil is in many things so be sure to check ingredients.	FACT
1303942052	 Bottom line is I now eat only fresh beef, poultry and fish.	EXPERIENCE
120547302	If not eaten within 24 hours of cooking I freeze.	FACT
1857073306	If not cooking within 24 hours of purchase I freeze.	FACT
792148753	I eliminated Irish potatos but still eat red and sweet potatos.	EXPERIENCE
66420258	It's a pain but sticking with the freshness rule keeps me symptom free.	EXPERIENCE
346658413	Unlike your symptoms mine lasted for days and often did not occur for up to 48 hours after eating a trigger food.	EXPERIENCE
1454128251	Doctors say developing allergies and sensitivties as we age is common.	FACT
1379151624	Tyramine sensitivity can only be treated by diet - I wonder if it ever goes away.	OPINION
1174626828	As furballsmom stated: Gluten may be an issue.	OPINION
245859091	I had to eliminate wheat too and no more peanut butter - dang.	EXPERIENCE
839712542	Bottom line is I eat like a cave man and so far so good.	EXPERIENCE
1795631577	Can you give me a list of "safe" foods?	FACT
1385584220	After eating peanuts and cheddar cheese with my lunch I suddenly had a terrible "sinus" headache.	EXPERIENCE
1604855204	It was so bad that my top teeth were aching.	EXPERIENCE
104005285	It led me to google,do peanut and cheese cause headaches.	FACT
2064369895	I discovered they both have tyramine and if sensitive can cause someone to get headaches.	FACT
780448102	The question also led me here in the hope to get more answers.....	OPINION
1012168962	Hi there,  We went out for dinner a week ago, I always have Oysters for entrée and this time was no different.	FACT
1934380972	 But after I ate 2, I felt a bit giddy and nauseas and stopped.	EXPERIENCE
205766439	 Next day I noted I have a rash over my neck, chest and upper body.	EXPERIENCE
396670099	 Does that mean I am suddenly now allergic to Shellfish?	FACT
607014774	 I am scared of worse symptoms next time, but I absolutely love my fish and Oysters.	OPINION
1105782186	   What should I do to make sure that this is an allergy?	FACT
413175593	Sorry to hear that.	NOT_LABELED
1703876538	Folks' allergies can change every five years, so, this is probably the case with you.	OPINION
1404517797	Hopefully, one day, this will pass and you will be able to eat these foods again.	OPINION
2065186561	I had a suspicion as I was reading your post that you had shellfish allergies due to your intolerance of the iodine bath they gave you before your surgery, this is a dead give-away normally.	OPINION
1678945641	I still have the hives in my neck and it is driving me nuts!	EXPERIENCE
1259196928	How long will it take to go away?	FACT
847302998	Hi, I am now on Prednisone for 5 days and some cream.	EXPERIENCE
1865012708	Fish and Shellfish allergy and I am really bummed as I love fish!	OPINION
2138376082	Sounds like the start to my 5 year long mystery experience.	OPINION
626452714	 I think others have mentioned, and not too sure if you have done so but I highly recommend the allergen blood panel testing.	OPINION
505011321	I have recently discovered that not only am I allergic to nightshade veggies (tomatoes and peppers were a lifelong part of my daily diet).	FACT
39741970	 This is on top of my damming intolerance to gluten.	EXPERIENCE
1970272742	All of this came on suddenly with me and won't show up on a basic overall basic heath blood test.	EXPERIENCE
1158169362	As for the prednisone .....I would highly recommend an alternative.	OPINION
1565410054	 Recent studies link prednisone to hip degeneration, osteoporosis, to name a few.	FACT
1720039213	 Supposedly it does more harm than good.	OPINION
285276599	well, sounds like a fish or shellfish allergy... you may ask a specialist, sorry about that! :/	OPINION
1365311729	Hi Eve, It was allergist, I have not gotten a word from him yet, and I was hoping to use to this medium to get some answers :)	EXPERIENCE
1179973956	HI Eve, thank you for the head ups I spoke to my doctor and he said the coconut milk, is fine and the vitamin c is fine.	FACT
1636512039	But to second opinion from a different allergist, I mean this want to vaccinate me for like three months for his finding in terms of tree pollen, etc, food allergies, are tomatoes, pork, milk, and milk products, almonds, chocolate and oranges.	FACT
1672791560	Thanks for wishing me luck.	NOT_LABELED
58970680	Eve take good care :)	NOT_LABELED
382851546	I've been to an allergist, testing done, prednisone given.	EXPERIENCE
244207473	No real effects except outside.	FACT
1539611616	He also mentioned keeping tract for couldn't test everything.	FACT
1278888158	Also went to dermatologist who didnt agree with prednisone.	EXPERIENCE
376862274	It was quite an expense for they want you to keep coming.	OPINION
1461081752	Burning comes on from paprika, I can't yet figure out all of what I'm allergic to.	EXPERIENCE
281137798	Rashes  and itching drive me crazy.	EXPERIENCE
1545017069	Eggs cause coughing, even whenvin rolls, alone.	FACT
2019807110	Potatoes are the worst, I get sick, can't swallow well.	EXPERIENCE
1384998119	My face burns, husband put soy on my steak last night.	EXPERIENCE
1924701293	Thanks, Debby	NOT_LABELED
1875545674	Last night after eating a small amount of eggs my tongue started to go numb and tingle- then it felt huge and heavy and i could not keep it in my mouth.	EXPERIENCE
1252837346	 I looked in the mirror and saw a red dot on the tip of my tongue that was not normally there and my tongue kind of hurt and looked swollen.	EXPERIENCE
809711054	 I could breathe ok, but it took almost three hours for my tongue to fit back into my mouth and half that time the numbness had faded to the front of the tongue.	EXPERIENCE
2076139397	 Today I still cannot feel the very tip of my tongue and the red dot is gone, but I have a lisp that I cannot get rid of that I did not have before- it's very alarming.	EXPERIENCE
685048487	 I heard that it could have been an allergy to the meat, a protein intolerance, vitamin b12 deficiency or it could be something like MS.	FACT
798416148	 I am planning on going to a doctor but do not know what kind of doctor to go to for this predicament?	OPINION
387654659	 A neuro?	FACT
713078642	 A general practitioner?	FACT
28459319	 Or another kind of specialist?	FACT
1436329761	I actually have a similar issue which is why I normally switch to a vegetarian diet.	EXPERIENCE
791120231	 Fish does not bother me neither does shrimp.	EXPERIENCE
1375776060	 But red meats and sometimes even chicken seems to cause cramps in my stomach and also constipates me.	EXPERIENCE
1705434720	 Other people in my household do not have this problem.	FACT
2125335553	 I have always had a sensitive stomach though so I just attributed it to this.	EXPERIENCE
1811722173	 I do eat meat when I am pregnant as that is what my body craves but yes it's hard on my digestive system and I still have to take breaks from it.	EXPERIENCE
1993458249	 Keep us updated on this, I'm certainly curious what you find out or discover.	OPINION
242097669	Hi, My daughter carries an epi pen because bee stings cause her tongue to swell!	EXPERIENCE
1167364282	 When you get oral swelling, it can be very serious.	OPINION
893932483	Good Luck -- glad you were able to stop back to get some info here C~	OPINION
1560581939	I don't know if this will help at all either, but my mother-in-law has an allergy to sesame that causes this.	EXPERIENCE
241855766	 She eats meat, but there are a lot of things that include cooking with sesame that give her an allergic reaction right away.	EXPERIENCE
1061133230	 So maybe check some of the things that you ate or see if this is something that has been an ingredient that bothers you.	OPINION
659353373	 I know you mentioned you didn't have health insurance, so I thought I would share with you that she also carries around liquid Benadryl in case she accidentally eats something with sesame in it.	EXPERIENCE
1050767240	 It seems to help her quicker than the tablets.	OPINION
293608608	 She developed this when she was about 40.	FACT
1663400808	I did not know that Benadryl could help with food allergies, that is great to know.	OPINION
1643764728	I get a stomach ache alot after eating chicken or beef (two more allergies of mine) I mean, I can take just two bites, and wham-o, the tummy pain begins.	EXPERIENCE
1593549554	Other times, however, I do not get the pain, it is so weird.	EXPERIENCE
859070452	You know, I think a lot of times, for me at least, it is all the "additives" they are putting into our food.	OPINION
1255093517	There are so many "chemicals" now, and no one really knows if they are allergic to them until it is too late.	OPINION
1511392633	Oh, yes, Benadryl really will help.	OPINION
690707569	 Sometimes a bit of breakthrough burning with the GERD will occur because of the food sensitvities, even though I'm pretty careful.	FACT
384580596	 Benadryl really helps with this, too.	OPINION
1859806270	 It also helps when I get that slight feeling like I'm trying to swallow a hard rubber ball I get from all these allergies.	EXPERIENCE
454246422	 I hadn't thought of buying the liquid, but even the adult pills will work for me.	OPINION
1367932666	 It just takes longer, as was mentioned.	FACT
1694017081	 I have to stick with what I can afford, but I do understand the reasoning for the liquid.	OPINION
701781316	Here's a link to Benadryl - they have coupon offers - https://www.benadryl.com/coupons C~	FACT
31129456522	Thanks	NOT_LABELED
1513278647	My husband had very similar symptoms and was recently diagnosed with a fairly newly discovered cause of beef pork and lamb allergy from a tick bite.	EXPERIENCE
2107287381	If you google red meat allergies it will come up.	FACT
876017638	Hope this helps.	NOT_LABELED
1550074943	Hi, From your long history it seems that due to long suffering of the disease you have got Anxiety neurosis causing all problems.	OPINION
978639259	In hypothyroid this type of symptoms is common so see that your thyroid is under control.	FACT
1132723300	Go for routine check up for thyroid and adjust the dose of medicine accordingly.	OPINION
1779247843	Once thyroid is all right your most of the symptoms will go.	OPINION
891826148	If you have still problem you consult psychiatrist for anxiety neurosis.	OPINION
1810029893	Wish you speedy recovery.	NOT_LABELED
886360443	Hello, Understand your predicament.	NOT_LABELED
278001608	However, the diagnosis of allergy is difficult to prove or refute.	FACT
1734916913	Clinical suspicion and trial of elimination diets are used.	FACT
986454665	An allergy specialist might be able to help you.	OPINION
2037456799	You can start by maintaining a food dairy and record those specific items that are inducing your symptoms.	OPINION
189068012	This will help to narrow down the search.	OPINION
233651088	He may identify the allergen by skin testing and help to desensitize you.	OPINION
532073584	 Hope This Helped and Do Keep Us Posted!!	NOT_LABELED
622123056	Thank you for your advice and I appreciate your interest in helping to identify this mystery.	OPINION
120830511	About 1 year ago, my daughter's NMD administered a blood test for food allergy (FoodStats Antibody Assessment) by US BioTek using "Standard Food Panel IgG".	EXPERIENCE
1894914506	The test results indicated a number of sensitivities and those foods have been avoided since then.	EXPERIENCE
2118552042	There are a few that are rotational and those are closely monitored using a calendar.	FACT
1721320560	She has a growing number of sensitivities since this test and her doctor asked her to do an experiment at our local health food store where we purchase many of our produce.	EXPERIENCE
297887411	As an example, there is one type of apple that was grown by the same company but in a different location.	EXPERIENCE
1438218903	She could touch one and not have any tremors but when touching the other, she experienced tremors.	EXPERIENCE
235242124	This remained consistent even 1 week later.	EXPERIENCE
53208967	This also happens on other produce.	FACT
317194806	Lastly, she was in the hospital for pneumonia in April 2011.	EXPERIENCE
1234376236	The doctor ordered IV antibiotics to be administered.	EXPERIENCE
854229928	There were two different antibiotic IV bags to be given, but when she touched one bag, she had violent muscle spasms over the whole body which tripped the heart monitor and read greater than 140 bpm.	EXPERIENCE
1017964497	The nurses had never seen this and didn't know what to do until we instructed them to take the bag away quickly.	EXPERIENCE
498975624	The tremors or muscle spasms subsided, heart rate went back to normal, and muscle spasms stopped.	EXPERIENCE
934253730	The other antibiotic bag did not produce any tremors and was administered without any problems.	EXPERIENCE
1427662674	Thanks, Rick &amp; Jenny	NOT_LABELED
31368484	I wanted to check in on this to see if there was any updates on your daughter?	FACT
863043035	 Hope everything is ok.	NOT_LABELED
1009150159	As of August 23, there has been little change.	FACT
54137841	The tremors still exist when certain foods, drinks or supplements  that her body does not agree with.	EXPERIENCE
904327824	If we could only get some clue as to what the cause may be.	NOT_LABELED
90321911	Last week, she did the top of the line parasite test and sent it off to the lab (Genova Diagnostics).	EXPERIENCE
1460299314	Dr. thinks maybe parasites are robbing her of nutrients.	OPINION
1746410368	We should have results back in a couple of weeks.	OPINION
420590295	Cold laser by her chiropractor has been the most effective help.	EXPERIENCE
2042720264	I'll keep updating as we learn more.	NOT_LABELED
1369690469	Thanks for your interest.	NOT_LABELED
232869269	My daughter has to be very careful with fruits, too.	EXPERIENCE
1537179845	 One brand of a fruit is ok but another one will cause severe allergic reactions.	EXPERIENCE
1427231631	 Organic apples usually are okay, and all others are not which makes us really wonder about pesticides in her case.	OPINION
1476378624	When you mention the bag of antibiotics, this is a long shot -- but, can you find the manufacturer of the two bags and see if one contained latex and the other did not?	OPINION
1602685120	 If she happens to be severely latex allergic, that type of allergy can cross-react into dozens of foods and be hidden in products.	OPINION
728240318	 Latex continues to get worse and not better with repeated exposure.	FACT
1714512304	 Just a thought if they didn't do a RAST test for Latex.	OPINION
1729102409	My daughter, when she was 8, did a total food elimination diet as Dr. Paderla Anitha, DNB  has suggested .. we found out her culprit was the tyramine in chocolate causing migraine headaches and severe joint pain and inflammation along with cognitive issues.	EXPERIENCE
206364252	 She, also was severe intolerant to almost 20 foods.	EXPERIENCE
1363862468	 Today she has issues with the chocolate still, but has outgrown most her food issues only to be replaced with serious bee sting allergy.	EXPERIENCE
157327649	Keep us posted .... we are here for you.	EXPERIENCE
1217096894	C~	NOT_LABELED
1468129626	Argh, yes definitely let us know the parasite results.	FACT
1277165005	 It's very frustrating when it is trial and error like this I am sure.	OPINION
239153832	 Keep us posted.	NOT_LABELED
148921609	Thanks for all the responses from everyone.	NOT_LABELED
1754823534	Jenny recently had a very complex and expensive parasite test from a specialty lab and they found not one single trace of parasite or parasite eggs.	EXPERIENCE
1948493053	They did note she has a "malabsorption" problem as she can't seem to absorb nutrients.	EXPERIENCE
517991047	She also has NO probiotics in her system and a plant derived probiotic that her doctor gave her yesterday was OK for about 1 hr.	EXPERIENCE
1268535579	Then, her body temperature dropped about 1 degree and she now has severe tremors just touching the bottle.	EXPERIENCE
1739811697	We remove the contents from the capsule and she was able to touch the capsule with no problem.	EXPERIENCE
1171683592	However, when she touched the probiotics, she had tremors and they would not go away until she washed her hands.	EXPERIENCE
897773364	We'll keep doing a nightly research and hope to find an answer.	OPINION
434877268	We certainly appreciate your comments and suggestions.	OPINION
1371788203	Rick &amp; Jenny	NOT_LABELED
619175858	Thanks so much for keeping us posted on this.	NOT_LABELED
1761150866	 I am certainly at a loss for a solution so I do hope you find out something more soon.	OPINION
755427797	Can Latex cause tremors??	NOT_LABELED
1938181614	 I recently was seen in the ER for a unrelated issue and after an IV was flushed with normal saline I began to have a severe tremor.	EXPERIENCE
1548202628	 A rash formed on my chest and my heart rate shot up over 200.	EXPERIENCE
894793342	 It was the worst thing ever.	EXPERIENCE
455338516	 They kept telling me I couldn't be allergic to the saline, but every time they gave me meds threw the IV with in minutes it would all come back!	EXPERIENCE
984997470	 It took two weeks of a round the clock benadryl when I got home before the tremor went away.	EXPERIENCE
11045025	 Could this be the cause?	FACT
760657871	 Maybe latex in the iv tubing???	FACT
232957807	 How can I find out what brand tubing was used to even look it up?	FACT
285560298	This past year or so we have noticed an increase in heartburn when my husband eats wheat.	EXPERIENCE
840155266	 For example Co-Co wheaties which is just warmed up wheat gives him excruciating heartburn.	EXPERIENCE
1893453109	 Is this because of the wheat or the food just irritating the heartburn?	FACT
1380448987	 This is without butter and without milk, just water, and a teaspoon of sugar.	FACT
2133419354	 Interested to hear others experiences with this.	FACT
530646851	It may be allergies.	OPINION
937844856	I get mild to severe heartburn when I ingest somethings that I am not aware that I am allergic to...	EXPERIENCE
643588180	We always passed it off as heartburn and not something more, but yes now I am wondering if its actually an allergy.	OPINION
385646709	 When I think allergy I think swollen face or throat or watery eyes and sneezing.	OPINION
568407618	 I don't always think of heartburn lol  I'm glad to hear someone else has experienced this too.	OPINION
99841490	 Do you notice any food triggers for you that cause this?	NOT_LABELED
601428419	Oh my, yes, food allergies are not just the "anaphylatic shock" They can show themselves in so many forms, it is unbelievable.	OPINION
1776440449	Mine show up as anxiety attacks and weight gain, some cause an occasional irregular heart beat as well.	EXPERIENCE
754364795	This is one reason they are so difficult to diagnose.	OPINION
843757700	 Heartburn and GI disturbances are definite ramifications of food allergies by the way.	FACT
1952421565	Some of the foods that trigger my reactions are wheat, whey, eggs, the list is long, but these are the more common ones.	EXPERIENCE
1655455253	I have never had an anaphylatic shock from any, the the good Lord, but, sure have had other symptoms that make a person miserable.	EXPERIENCE
1381380400	I notice I can stiil eat these foods once in a while, but, if I eat them all the time, then the "fun" begins.	EXPERIENCE
442877924	Thanks so much for posting that--- and you are so right when I think food allergy I commonly think throat swelling up or rash.	OPINION
400847809	 And now I am definitely looking more into this as a solution for my husband.	FACT
1569363463	 It's one thing when you eat something spicy or greasy and you get heartburn, but another thing when you eat something just wheat based and it causes severe heartburn.	EXPERIENCE
995980230	I'm going to have to start keeping a food journal of trigger foods.	OPINION
562811974	 I am curious do you notice that eating too much meat adds to the Heartburn or GI issue along with your allergies?	OPINION
1020680421	My kids get bad reflux/heartburn from foods that they are intolerant to .. they call it an intolerance for them because all tests are negative but they get this reflux and/or GI symptoms, too.	EXPERIENCE
2065093828	 Milk, for them, is a huge trigger.	EXPERIENCE
1019501236	C~	FACT
2140054510	Here is an interesting point to, we used to live by a Morning Fresh Dairy farm where they delivered fresh milk to our doorstep.	EXPERIENCE
907948206	 It was the best thing ever, our family loved it.	OPINION
1540084678	 We even had cream top milk where they let the cream stay natural and be at the top of the bottles.	EXPERIENCE
2138158883	 My husband was not affected by this milk at all.	EXPERIENCE
1623127101	 Once he has commercial milk, the kind sold in grocery stores, he gets heartburn.	EXPERIENCE
101584904	I have never liked milk even when I was little it was always just something that made me cringe, so definitely had to find an alternative.	OPINION
1153664047	 I do say that I have stopped giving my boys soy milk and including myself because of the phytoestrogens.	EXPERIENCE
1744069197	I just bought some Flaxseed milk for the first time, so I am going to try that and see what I think.	FACT
136765084	 I will be sure to let everyone know how it is.	FACT
628112303	I have found this as well with Wheat, and eggs.	EXPERIENCE
845368008	The heartburn does not seem to last very long though.	EXPERIENCE
356387317	But I agree with others, it seems to be when I am eating foods that I am intolerant too	OPINION
1393649241	And what is interesting is this can go beyond normal foods--- I got heartburn the other day from chewing a gum that had aspartame in it, that was awful!	OPINION
839977884	 I usually never chew gum with the aspartame in it or phenyltronics ( not sure of spelling) and I did because I was desperate and it was horrible.	EXPERIENCE
1818167665	 Also had this happen several times with toothpaste.	EXPERIENCE
1830594723	 I can't help but wonder if it is the preservatives in foods and or products that react to the body in such a way.	OPINION
340456592	Speaking of gum did you know that Chiclets used to use latex?!	FACT
957608464	 The original one had latex in it as an aid for it to be "gum" !	FACT
2103746667	It doesn't surprise me at all that Aspartame gives you heartburn.	OPINION
1471242500	 It does the same thing to me.	EXPERIENCE
1179309855	 Stevia is the only artificial sweetener that Mercola considers to be "safe", but it makes my stomach burn, too.	EXPERIENCE
1746459158	 So does anything with soy in it.	FACT
724810112	 There are quite a few articles on Mercola's site about artficial sweeteners, too.	FACT
1561709405	 Consider yourself fortunate in a way about the Aspartame allergy, because it will discourage you from using something that is harmful to your health.	OPINION
1734261654	 I had to take prescription strength Benadryl this morning because of some delayed reaction to something that was making it impossible to sleep because of the reflux.	EXPERIENCE
552835479	 Conventional medicine would write this off and say that GERD is simply the over production of stomach acid.	OPINION
684863962	 Well, actually, that's over-simplifying GERD.	OPINION
1250841383	 I took the Benadryl, because it's better than reaching for the PPI meds that shut off the stomach acid and are so bad for a person's health when used long-term.	OPINION
1598362826	 They actually cause the stomach to start churning out even more acid in the long run, too, because the stomach will notice the missing acid and over compensate.	FACT
1702717236	  I actually have quite a long list of foods that do this to me.	EXPERIENCE
1654634520	 The majority of my food sensitivities cause this reaction.	FACT
807480954	 Avoiding the worst offenders is the only way I have any real control over the symptoms.	EXPERIENCE
1971130030	If you're close enough to get to Trader Joe's, they have the most affordable rice pasta you can find.	OPINION
1789970862	 It costs about half the price that the same kind of pasta costs in the other chain stores.	FACT
934852397	 I find the rice pasta to be better than the rice tortillas or the rice breads, because the rice tortillas and the rice bread tend to crumble apart.	OPINION
194489787	 They don't taste bad, but they do fall apart.	OPINION
1086736705	 It's the gluten in traditional breads that keeps this from happening.	FACT
1920925437	  Actually, I knew that all chewing gum used to be made with latex.	FACT
584741316	 Actually, I did a bit of research on some modern day ingredients of these gums and found out that many do still use a form of latex.	FACT
1875851171	 It just isn't called "latex" after the alterations the scientists have done with it.	FACT
961272498	 I used to chew gum as a kid, but now it all bothers me.	EXPERIENCE
229946633	 I don't think it's just one ingredient that bothers me.	OPINION
406795682	 But, I have TMJ issues any more, so I don't enjoy chewing gum any more anyway.	EXPERIENCE
2122474494	 Mercola explained something interesting about chewing gum that I had no idea about when I was a a kid.	FACT
475300094	 He said that chewing gum can actually cause an acceleration of the decrease in digestive enzymes that all people get as we age.	FACT
190479365	 So, this decrease happens at a much faster rate when people chew a lot of gum than if they don't.	FACT
28997300	 None of us knew that back when I was a kid who chewed gum.	FACT
477903464	I had no idea about the latex :(  I love Dr. Mercola site and the free newsletter that they send out, it's very helpful.	OPINION
1801891667	 I always cross reference his articles with Dr. Weil, he is another favorite of mine.	OPINION
2070437613	Cracker Barrel Restaurant actually distributes a gum made out of cloves.	FACT
1953537351	 It has regular sugar in it, but I don't get heartburn from it.	FACT
199299937	 Have no idea all the ingredients in there though lol	FACT
456461295	Ate pineapple yesterday morning, noticed it was a bit tangy.	EXPERIENCE
951488167	By noon yesterday, my mouth was on fire, lips and mouth flesh swollen, bottom lip almost droopy.	EXPERIENCE
595658645	It's not better now, how long should it take to return to normal, if it is caused by pineapple?	EXPERIENCE
273963811	Have sore throat too, with some blistering on throat.	EXPERIENCE
3112945652	 Thanks	NOT_LABELED
1401131667	Thanks for responding.	NOT_LABELED
2119538045	 Visit urgent care Sunday, he thought it might be reaction to pineapple, gave me steroid shot, no improvement yet, trying to follow up with PCP.	EXPERIENCE
411782557	Hello again, You are very welcome.	NOT_LABELED
459281953	Just wondering , what is PCP ?	FACT
584089882	  Eve	NOT_LABELED
1925127051	Primary care physician	FACT
266386942	I'm not, doc thinks it  may be thrush mouth due to antibiotics, been on Clotrimazole 10 mg Troche for fourth day, no change tho.	EXPERIENCE
140577440	Not sure what's happening.	OPINION
1833470795	I thought I'd kick off a very short post about latex allergies.	OPINION
1483500669	 It is becoming increasingly common, and one way we screen people for potential latex allergies in the hospital is by asking about food allergies.	FACT
331787583	 Because some proteins in rubber are similar to food proteins, some foods may cause an allergic reaction in people who are allergic to latex.	FACT
1628789984	The most common of these foods are banana, avocado, chestnut, kiwi fruit and passion fruit.	FACT
724357008	 If you've ever eaten these foods, and have a funny "tingly" feeling in your mouth, or rash around your mouth after eating them, mention this to your doctor the next time you go.	OPINION
1697004460	 You may be latex-sensitive.	OPINION
808392665	Peek, are you okay with contact latex from glove exposure through the years?	FACT
1325169983	Here is a good website on Cross Reactions (Latex - Food) I have in my bookmarks.	OPINION
975198960	Allergic Cross Reactions - Latex, Fruit, Nuts, Pollen, other -- Good information with % of possible incidence.	FACT
1116105435	 http://www.allergyclinic.co.nz/guides/42.html It wasn't until my daughter had an anaphylactic reaction from a plum (out of the blue) that her kean allergist suggested a blood test for Latex and it was very positive.	NOT_LABELED
1198470486	Latex and foods .. people rarely connect the two!	EXPERIENCE
908787970	C~  	FACT
691708786	Believe it or not, I've not had any problem with latex allergies, despite over 30 years of constant exposure.	EXPERIENCE
1079509019	 And I'm a fairly allergic person, with asthma, many drug allergies, cat allergies...just not latex.	EXPERIENCE
289790400	I've seen many of my coworkers develop it, though.	EXPERIENCE
490418070	 Most of our gloves and supplies are latex free, now.	FACT
886768961	I find that to be very interesting.	OPINION
1320737345	I didn't know there was a correlation between the proteins.	FACT
132506093	My daughter is allergic to latex, banana, kiwi, and avocado.	EXPERIENCE
1212589610	She carries an epi pin due to the avocado allergy.	EXPERIENCE
460824215	My daughter is married and on her own now.	FACT
902615733	 She found out the hard way about the latex allergy.	EXPERIENCE
918328502	Let's just say her first experience with a condom was a nightmare!	EXPERIENCE
2342437	LOL	NOT_LABELED
117475253	Oh, my.	NOT_LABELED
2035914120	 Yes, a condom "incident" can be awful.	OPINION
153773573	I have a long list of food intolerances--grains, diary, sesame, soy--and have reacted to band-aids and the latex in the collars and cuffs of turtlenecks and socks, so I'm pretty sure I have a latex sensitivity--I make it part of my medical record to be on the safe side.	EXPERIENCE
1591321475	A couple of years ago I was began getting reactions to fresh fruits--first signs of mouth swelling, rashes.	EXPERIENCE
1686363641	I was really bummed that I was losing another huge food group.	EXPERIENCE
1516281930	Then I read somewhere that birch was a stong cross-reactor with latex and stone fruits, and realized the Tom's toothpaste I used three times a day was sweetened with xylitol made from birch bark.	FACT
1358884802	Apparently xylitol also occurs in fruits (raspberries and plums are mentioned most often), mushrooms, and corn.	FACT
1427023148	Maybe it was a coincidence, but I quit using the toothpaste and my reactions to fruit have mostly stopped, though I have to be careful not to eat too many raspberries.	EXPERIENCE
1586423257	I can relate to the food sensitivities issue all too well myself.	EXPERIENCE
1585558423	 It can get really frustrating to deal with some days.	EXPERIENCE
341599240	 Everything you said about stone fruits is what I was told one time in the hospital, too.	EXPERIENCE
1092303454	 I didn't know that it was xylitol that made raspberries a problem food for me, but now I know why they bother me.	EXPERIENCE
588971144	 I used to love going to my grandparent's house and pick the fresh raspberries off of the vine, too.	EXPERIENCE
2030939948	 I definitely have the latex sensitivity myself, because it will definitely burn my skin.	EXPERIENCE
847658559	 I know about some of the cross reactions.	FACT
1326845909	 You're right about it being a huge food group.	OPINION
1648300191	 All because of birch!	FACT
937833505	 I make it a point to tell my doctors that I'm allergic to latex and band-aids every time they draw blood, too, because the lab techs don't always read the allergy bands that the hospital puts on my wrists.	EXPERIENCE
152927186	 I still have to remind my primary care doctor about this one.	FACT
642286183	One that isn't always mentioned, but is still actually a stone fruit is avacado.	FACT
27613272	 I was also told that bananas have the same protein in them as latex.	FACT
1296277875	 They're also "binding" for me.	EXPERIENCE
856517981	 I didn't know mushrooms were in this category, I just knew I couldn't eat them either.	FACT
476635087	 You're right, this pretty much wipes out the fruit category.	OPINION
1128480764	Do you also have problems with mints and other herbs?	NOT_LABELED
88545551	 I noticed that you already mentioned cinnamon.	FACT
1446507977	All peanuts and tree nuts are out for me, too.	FACT
801299421	 And, anything in the sunflower family, which is another huge family.	FACT
135619142	 If you're allergic to sunflower oil and seeds, steer clear of calendula oil.	FACT
1180594086	 Calendula is a very close cousin to marigolds.	FACT
867958167	 I found out the hard way that they're also in the sunflower family.	EXPERIENCE
739684246	 Here's one I bet you didn't know:  Lettuce, spinach and dandelions are all in the sunflower family, too.	FACT
895824953	 Well, that explains why I'll get nauseous and throw up if I try to eat the stuff.	EXPERIENCE
366958709	I can't remember which forum I read, but I have found out that this huge laundry list of food sensitivities that is caused by the cross-reactions to birch is called Oral Allergy Syndrome.	FACT
566530641	 I know about the mouth blisters inside of the mouth only all too well.	EXPERIENCE
885619074	 I've always had some of these blisters from certain foods and substances, but I've noticed that some things are worse than others.	EXPERIENCE
56876281	 Citrus is one of the worst ones as far as the blisters inside of the mouth.	OPINION
216371432	 My lips don't like citrus either.	EXPERIENCE
796668396	 I'll bet most of our food sensitivities are exactly the same because of that definite allergy to birch.	OPINION
1432679927	It's funny how the food sensitivities tests all have come back negative, even though I know I have bad reactions to these foods and will be sick.	OPINION
1289945988	 But, I'm definitely allergic to birch, as in true allergy.	EXPERIENCE
498717933	 So, that explains the laundry list of food sensitivities and the latex and band-aid sensitivities.	FACT
344666658	Thanks for the link to the allergy cross reactions page.	NOT_LABELED
987081024	 I bookmarked this page for myself, too.	FACT
1718822091	 And, I'll pass on this link to a good friend of mine who has the same problem that we both obviously share here.	FACT
1804066382	WOW .. I have to say I've learned a lot from these posts and have been dealing with latex allergy for 8 yrs now!	OPINION
1822897090	 The Xylitol is new to me and I will mention it to my daughter to be careful for that ingredient.	FACT
639395559	 She is super allergic to birch pollen and mugwort which is a weed that cross reacts with raw carrots .. she gets huge swelling inside her mouth in the OAS you describe above.	EXPERIENCE
950604551	 There is a small % of OAS that can migrate into Anaphylaxis so avoidance is key.	EXPERIENCE
570453438	C~	FACT
1958710992	Hehehe.... My first experience with err latex was errr very embarrassing.	EXPERIENCE
1829346094	I've been telling people about the Latex-avocado cross allergy for a while.	FACT
1230129427	I'm a nerd, and typed all the things that bug me in the search on Google a couple years ago, and found out about it.	EXPERIENCE
1700294418	I have a very mild reaction to latex, however my reaction to banana's and avocados is increasingly getting worse.	EXPERIENCE
37893369	My biggest fear is I'm pre-med, and allergic to latex.	FACT
1348260492	I really really hope this will not affect my career!	OPINION
1983179387	You may want to have him tested (via blood) to know .. because repeated expsosure must be limited or else it can get worse.	OPINION
21822081	 Glad the dentist uses non-latex gloves, but with his history,it's probably best to know for sureC~	OPINION
1055979405	Well everyone can't believe I am posting this, after 36 years and literally probably 25 years of eating shrimp I had my first reaction to it 3 days ago.	EXPERIENCE
1393024063	 All I had was cocktail shrimp and cocktail sauce.	EXPERIENCE
1250140934	 The same sauce I used last week.	EXPERIENCE
729208689	 This time I just ate more shrimp then I normally do.	EXPERIENCE
1719360905	 I had no sides or anything with the shrimp just cocktail shrimp.	EXPERIENCE
431421872	 And literally 2 hours later I broke out in welts on my thighs and my upper arms.	EXPERIENCE
1435931930	 My throat started getting swollen but luckily not to the point where I couldn't breath.	EXPERIENCE
771840603	 I took Benadryl that night and it helped with the rash but the symptoms have literally lasted about 3 days now.	EXPERIENCE
602890240	 I have spoke to some people about this that have allergies and they have mentioned that I will now have to be concerned with Iodine.	EXPERIENCE
94744204	 I remember when I got a cat scan back when I was like 18 or so they asked me if I was allergic to eggs before they injected the iodine.	EXPERIENCE
1037044296	 So should I also be concerned about my egg intake too?	OPINION
771967398	How long can the rebound reaction last?	FACT
368291407	 Forgot to ask that lol	FACT
1342377961	I can't answer that last question, but I do know this one for sure:  Cross reactions must be taken seriously now.	FACT
1139540056	 So, no lobster and no crabs either.	FACT
1858569780	 And, since krill are also a related crustacean, you won't want to supplement with krill oil either, even though it's supposed to be superior to fish oil in the way of animal based omega 3 fatty acids.	OPINION
2056145496	I don't have a true allergy to crustaceans, yet, but I watch it, since I've had a globus-like reaction the last few times I ate shrimp.	EXPERIENCE
120639784	 Now, I'm scared to eat crustaceans myself.	OPINION
1533880875	 It's more of a food sensitivity, which is why I'm aware of the cross reactions.	OPINION
1684945	 It's all the more important for you with a true allergy.	OPINION
152268655	I would continue to take the Benadryl every 6 hours or so until you reach a point of real relief.	OPINION
1638932654	 I believe ChitChatNine said about three days.	OPINION
1682747464	 So, clearly, you're out of the woods, so to speak, but I would keep taking the Benadryl for a couple more days.	OPINION
104888533	 I know there is a consulting nurse line in Seattle that you can call, too, for answers.	FACT
650514535	 There is a 24 hour number that your doctor's office should have given you for urgent care when you need to speak with a consulting nurse.	FACT
1775365146	 If not, you can call the 24 hour line connected with Harbor View.	FACT
18278634	 You can find the number on this page:  http://www.scn.org/crisis/medical.html  During the day time, you can also call 211 for the community information line.	FACT
1348102938	Don't panic that you see the word "crisis" in the address.	OPINION
1220278406	 It's a general information page for the Seattle area.	FACT
76922573	 It even has the number for Bastyr.	FACT
1986615645	Furball thank you that was perfect information!	OPINION
1932033733	 My hives have cleared up this week, but yes I am staying away from all shellfish.	EXPERIENCE
636789931	 My husband had shrimp last night but I did not touch it or even handle the shells for that matter.	EXPERIENCE
1014035342	Good point on the Krill Oil I would have never thought about that also being included in the list.	OPINION
150110525	 I am definitely glad there are so many resources here in the Seattle area.	OPINION
742523898	Thanks Paderla for the comment, I definitely think that I need to look into some of these reactions after my pregnancy.	OPINION
672216460	 Right now I would be afraid to have any allergy testing performed in case there was something I had a severe reaction to.	OPINION
1688051924	 But yes keeping a food diary I think is the safest bet.	OPINION
814174208	Very interesting follow up thank you!	NOT_LABELED
495818106	 I have been reading more and more into my allergies to get a better understanding of them so this certainly helps :D	OPINION
