sentence_id	sentence	polarity
1391179720	Sorry ma'am but I was diagnosed with it after my bloodwork, colonoscopy and biopsies came back positive.	NEUTRAL
498105525	Most people I have talked to that have Chrons also had the positive colonoscopy's which sealed the deal.	NEUTRAL
1812727407	Sorry.	NOT_LABELED
62677744	It is possible you have Crohn's in the small intestine, which will not show on a colonoscopy, as this only looks at the large intestine (colon).	NEUTRAL
1755719858	An upper endoscopy (to look at the oesophagus, stomach and small intestine) is another test to rule out Crohn's as biopsies can be taken of the tissue during the procedure.	NEUTRAL
1519275040	Crohn's often starts around the terminal ileum (next to the appendix) and can progress to the whole GI tract (mouth to anus), as mine has done.	NEUTRAL
311439097	A barium swallow through is another test to see any problems in the upper GI tract, but this is purely imaging, and biopsies cannot not be taken.	NEUTRAL
693470924	As far as I understand, the only conclusive proof of Crohn's is biopsy of affected tissue, looked at by a pathologist.	NEUTRAL
1319895279	 IBS is a diagnosis of exclusion - after all available tests are completed and found negative for Crohn's or Ulcerative Colitis.	NEUTRAL
1638474666	It is not an IBD auto-immune disease and in my opinion, a lazy diagnosis by doctors who cannot be bothered to do proper evaluations.	NEGATIVE
905622767	Have you been tested for coeliac disease, as this can have similar symptoms to IBD?	NEUTRAL
2368849	Liz.	NOT_LABELED
1627986864	You can have Crohn's Disease anywhere in your digestive tract, from your lips to your anus.	NEUTRAL
28690323	It is most common in the colon, but it isn't exclusive.	NEUTRAL
1186772257	Think of it as a mean thing living inside of you that can either attack one place or spread to another place, or MOVE to another.	NEGATIVE
1728862905	This is why patients who have portions of their bowel removed, sometimes have Crohn's pop up in a new part.	NEGATIVE
1461688562	I would recommend getting a capsule endoscopy.	NEUTRAL
1213127301	You swollow a camera in a pill that sends photos every three seconds to a machine that you wear around your stomach for the day.	NEUTRAL
844830024	It does not hurt at all and it eventually comes out naturally like anything else.	POSITIVE
862178379	I am in a similar situation and trying to get a second opinion at this point.	NEUTRAL
1185837189	I have been having intestinal problems since 2002 and just a year ago got a dr to finally find a colonoscopy necessary.	NEUTRAL
9241650	I was diagnosed from that with non specific non ulcerative colitis.	NEUTRAL
237471698	I suffer daily with mucousy diarhea and abdominal cramping and pain.	NEGATIVE
14428241	Recently I develped a peri rectal abcess and fistula that I am seeing a colorectal surgeon for, who informed me that I had been misdiagnosed by the first GI dr because the only two conditions that can cause that kind of fistula is crohns or ulcerative colitis.	NEGATIVE
1662218916	I have only been treated for the currest symptoms with hyoscamine and another med but I can't remember what it was offhand...started with an L i think but I couldn't handle the side effects from it.	NEGATIVE
187414046	I am not getting much relief from the medications that I have been given.	NEGATIVE
1444523861	I am also being treated by my general dr for anxiety and depression disorder and for chronic insomnia.	NEUTRAL
1924179098	I really just think there is something much deeper going on here with all these different things going on.	NEUTRAL
1933583773	Anyone have any ideas or suggestions?	NEUTRAL
1175483145	I went undiagnosed for 12 years with Chrons.	NEUTRAL
2067728968	I was always told I had IBS but I knew different I was too sick for that.	NEGATIVE
262568896	Through a colonoscopy there was some inflammation but they still did got get me a diagnoses (5 Colonoscopies later).	NEGATIVE
1221713039	It was not until my dr ran a specific blood test for Chrons that came back abnormal was I finally diagnosed with Chrons.	NEGATIVE
1087508984	Be very insistent, we know our bodies better than any dr out there.	NEUTRAL
2066420127	If you know something is wrong keep pursuing it.	NEUTRAL
570129863	 IBS not not include any inflammation internally and a fever and such.	NEUTRAL
762521868	Hope nobody ever has to wait as long as I did for help and treatment.	NEUTRAL
1796731347	Ask your doctor for a SED rate and CRP blood test.	NEUTRAL
1904042908	 Ask for a genetic test to be done on your blood.	NEUTRAL
831638210	 It's expensive but conclusive.	POSITIVE
71572759	 Crohn's doesn't always show up in a colonoscopy.	NEGATIVE
1927789875	 Depends upon where it is located and that can change.	NEUTRAL
66520145	 Prednisone is not for long-term therapy.	NEGATIVE
1394333439	 It destroys your teeth, muscles, tissues that can result in hip and shoulder replacements.	NEGATIVE
939521909	 The disease ***** but you can control it with a positive attitude, healthy diet and proper medical care.	POSITIVE
1782905003	I keep having rectal bleeding even though I use HC suppositories which help.	NEGATIVE
1589109314	 My colonoscopy and endoscopy came back negative for Crohn's.	POSITIVE
1476656006	 Which blood tests do I need done to be sure?	NEUTRAL
718921282	 I'm on prednisone 10mg/day for one month for my asthma and need it to breathe better and relax	NEUTRAL
128937231	Hi I'm only 17 yrs old and I have been suffering with all the symptoms of chrones disease for three months straight now.	NEGATIVE
1603953479	my aunty has chrones disease very bad also.	NEGATIVE
322377853	I've had numerous blood tests, urine samples, stool samples, an endoscopy, colonoscopy, MRI scan and EVERYTHING came back normal.	POSITIVE
1867514701	Obviously its so frustrating and now they're putting it down to IBS.	NEGATIVE
1932414044	Like you say, you know your own body better than anybody and it upsets me because I know it is something far more serious than that.	NEGATIVE
644836440	I've had lots of blood and mucus in my stools for four months without fail.	NEUTRAL
1981584201	I've lost half a stone (and I am only 7 stone as it is) I sleep for days straight, I won't eat for days and the pain is unbearable the doctors prescribed me lots of codeine.	NEGATIVE
690587416	It gets me down that the doctors are leaving it to IBS because I know this is not the case.	NEGATIVE
1679128809	It's horrible to think I may go 12 years living like this - it really puts a hold on reality :( thanks for all this advice it makes me feel better that theres people out there in the same position as me.	NEGATIVE
1908656022	Ive been suffering for 2 years.	NEGATIVE
1878043190	Ive had blood work, stool tests, endoscopy and colonoscopy all came back negative.	POSITIVE
868023078	My colonoscopy showed apthous ulcers in my descending colon but the biopsies came back normal.	NEUTRAL
152009135	My dr said it would be unusual for crohns to be in that part of my intestines.	NEUTRAL
613591560	She said its usually in the small intestine.	NEUTRAL
1688912719	I suffer pretty much everyday with colon pain and just a feeling of complete unwellness.	NEGATIVE
612703318	On the days I dont have a bowel movement I feel great but it seems like when I do have one, my whole body feels sick.	NEGATIVE
48069383	I also have loss of appetite at times adn some weight loss.	NEGATIVE
919428087	My dr also told me that crohns is usually just diarrhea.	NEUTRAL
848326480	My stool is usually normal but it still makes me feel sick.	NEGATIVE
105264009	Can anyone tell me if this sounds like Crohns?	NEUTRAL
1293256009	She thinks I have IBS but wants to do another colonoscopy to rule out crohns for sure.	NEUTRAL
1671910197	Thanks for any help you can give me	NOT_LABELED
965448192	I forgot: there is also the double balloon endoscopy (they get you from both ends and mark in the middle).	NEUTRAL
933917996	I feel bad for everyone that has to deal with this disease i have, "Ulcerative Colitis"..On 9-25-2012 at Memorial Hospital of Tampa i had asked my Doctor HJW  is the difference  between Ulcerative &amp; Crohns Disease  play a wider part in my case as to complications i may have as a result of a positive outcome on  tests for Crohns  (biopsy).	NEGATIVE
2144069452	No sooner did i finish my question to him, did he say "I'm not going to stand here and have you give me a F*****G course on anatomy and stormed out of my room.	NEUTRAL
1701873756	So much for the "patients Bill of Rights" and or "Civil Rights".	NEGATIVE
1982252200	I have since filed a Formal Complaint to the C.E.O., AHCA, Florida Department of Health Consumer Services Unit, Department of Civil Rights (OCR), Division of Quality Care, Office of the Chief Inspector General ect.	NEGATIVE
1184103892	Next will be the Media.	NEGATIVE
103715285	They have stripped me of my self Dignity knowing full well that stress is already at it's peek level.	NEUTRAL
80096348	Total Disregard for a human being under their care.	NEGATIVE
1537774006	Hopefully some one with Administrative Power will have some morals to correct this nightmare he has inflicted upon me.	NEGATIVE
309686524	So much for private health care.	NEGATIVE
857650733	Anthem Blue Cross Blue Shield has turned a blind eye to this situation through informal complaint, but thats fixing to change through a formal complaint to their Medical Director.	NEGATIVE
209143377	Dr. HJW  is accredited through them shame on them.	NEGATIVE
75451930	its a damn shame one should have to feel intimidated to further their care to recovery through the ones that treated you in the first place.	NEGATIVE
1059619413	A speedy recovery to all above and beyond.	POSITIVE
79098243	J.C.	NOT_LABELED
438965657	I've been going through the whole diagnosis process for Chron's.	NEUTRAL
554630760	 The colonoscopy didn't show signs of it, but I had a polyp that he removed, and he took samples in my lg intestine for biopsy.	NEUTRAL
786250813	 If they didn't see it on the screen during the actual colonoscopy, can it still show up in the biopsies?	NEUTRAL
661421882	 I have so many symptoms.	NEGATIVE
1933143083	 Abd pain, frequent bowel movements, feeling like I still have to go diarrhea, but nothing comes out and it hurts so bad.	NEGATIVE
821824609	 I typically have about 6 BM's a day.	NEGATIVE
1762467300	 I have white discharge from my rectum, joint pain (knees, wrist), pain so bad that I have to take percocet and lay in bed in the fetal position.	NEGATIVE
865970435	 I know something more serious than ibs is going on with me.	NEGATIVE
2123180432	 I've been so sick for about 4 months now.	NEGATIVE
685624654	 I will get results from colonoscopy biopsies next week.	NEUTRAL
165590111	 I pray they figure out what's going on with me!	NEUTRAL
131938681	I too am going through this for the past 4 years I have been having episodes of bloating, runs, pain in left side, night sweats and feel so unwell.	NEGATIVE
1113232075	 I get these large boils in my groin everytime my stomach is bad, my eyes are deteriorating, my joints all hurt, my ears are hurting and I am struggling to keep working.	NEGATIVE
391219636	 This episode has been the worst I have had for a year and I am really struggling to get through it.	NEGATIVE
108669877	 Had colonoscopy/endoscopy last week get results on Wednesday which cant come quick enough.	NEUTRAL
190001559	 Just getting through each day at the moment is so so hard.	NEGATIVE
1519101743	 Cant eat even drinking water makes me feel ill.	NEGATIVE
257003841	 Am desperate for some answers am tired of being told its all normal aches and pains, nothing wrong with you.	NEGATIVE
652686093	 Take antidepressants/valium god knows what else I have been given but its driving me insane.	NEGATIVE
1857605198	 What ever is going on is cruel and makes it harder not getting a doctor to find answers for me.	NEGATIVE
210758696	 And doctors do not like to be told that you want certain tests done, its taken 3 years to insist on a Gastro referral from my GP and only got it because had blood in toilet.	NEGATIVE
1446503486	 Am hoping and praying (unlike me) that I get some answers wednesday or I will be devastated again.	NEGATIVE
1710833952	I have been having symptoms of Crohn's for 3 months and last year I had two other episodes with these same symptoms lasting 1-2 months.	NEUTRAL
200278792	IBD blood work is positive for Crohn's.	NEUTRAL
9206368	CT scan and colonoscopy are negative, but endoscopy shows inflammation.	NEUTRAL
1390574243	The doctor decided it was more likely it was just IBS, but I don't think I could be this sick for this long just from IBS.	NEUTRAL
424407887	Any thoughts?	NOT_LABELED
165654282	I think you need to find a new GI doctor.	NEUTRAL
378445840	It's not ok to blow off a patient.	NEGATIVE
1814067323	Find one who actually cares about your health and well-being.	POSITIVE
625995024	And insist on a camera endoscopy.	NEUTRAL
1242947320	It's the only thing that can show what is really going on in your small intestine.	NEUTRAL
557682653	I just had it done yesterday and am waiting on the results.	NEUTRAL
208124672	I'm fairly certain my doctor thinks I have Crohn's even though most of my tests and biopsies have come back negative.	NEUTRAL
355430471	I, too, show all the symptoms (diarrhea, abdominal pain, mouth ulcers, joint and muscle pain, red swollen eyes, exhaustion...), but they haven't given me a definitive diagnosis or a treatment plan.	NEGATIVE
1499036604	This has been a 3 month process of every test imaginable.	NEGATIVE
962806585	In the meantime, I have picked up a few books on the disease to help me get on a Crohn's diet plan to help with the flare ups (half.com has many options for less money).	NEUTRAL
271953895	Maybe this will help you too?	NEUTRAL
1548855631	Hopefully in another week I'll have my answers.	POSITIVE
883304617	Good luck to you friend!	POSITIVE
868786739	I have the exact same problem I just had a endoscopy and colonoscopy done which came back normal I have a anal fissure I have been having this problem for bout 12 years and they are still doing tests but I haven't gotten blood work done that's my next thing to do cause only you truly know your body and when something isn't right.	NEGATIVE
86590937	I have recently been informed that I have suspected crohns disease and IBS.	NEGATIVE
1704948452	I have had 2 colonscopies and various blood and stool tests.	NEUTRAL
885229672	I also have a diagnosis of Herpes simplex 2 and recently the episodes of IBS have increased as a result of my period, as have the herpes epsiodes- is there a direct link with herpes and IBS/Crohns and if so if I were to treat the herpes would this improve my bowel symptoms.	NEUTRAL
3112945653	Thanks	NOT_LABELED
1137865534	I think mine is type 1 I get them on my face	NEUTRAL
618756076	I just started a treatment regimen for the herpes i have cold sores.	NEUTRAL
1509734053	 My doctor is doing a medical study to see if this medicine will work.	NEUTRAL
1486948690	 He put me on acyclovir 800 mg 2 times a day and 15mg of meloxicam 1 x a day and gave me a sample pack of a pain medicine I can't remember the name of it.	NEUTRAL
19785328	 This is a surgeon in my area he is a very good doctor.	POSITIVE
674379453	 He says my cold sores and my stress are directly related to my severe stomach/abdominal pain.	NEUTRAL
253322414	 I had gastric bypass surgery last June 2011 before this I never had much stomach pain or cold sores.	NEUTRAL
1844067178	I WANT TO KNOW CAN HERPES TYPE 2 BOTHER YOUR IBS?	NEUTRAL
773554832	Hey guys, if you have any questions that still need answers please post a new question so we can help you out.	POSITIVE
867686264	  Thank you!	NOT_LABELED
201620761	Hi Guys, I see this is a really old thread, but I want to share the info I have on this matter as it 's a top very close to my heart and I want to help anyone I can who is also struggling with these health issues... I have struggled with IBS-C since I was a little girl, and contracted HSV2 about 5 years ago.	POSITIVE
1385943785	I have dealt with weekly, if not daily, herpes outbreaks since my contracting it.	NEUTRAL
651535673	I found when my gut acted up (pain, distention, bloating, constipation etc), I would get an outbreak within hours.	NEGATIVE
1892692804	Even taking Valtex at 1G per day didn't stop it.	NEGATIVE
1958301215	I work out regularly, eat a whole foods diet and have seen a therapist regularly to manage stress.	NEGATIVE
863359572	Nothing helped, if anything it got worse over the years.	NEUTRAL
1007656632	 I have only recently, in the past year, found out that the underlying cause of IBS is often a condition called SIBO (small intestinal bacteria overgrowth).	NEGATIVE
82026770	This is when bacteria that is only meant to be in the large intestine makes its way up in to the small intestine.	NEUTRAL
1878519193	This can cause damage to the mucosal lining of the small intestine as well as create gas, blasting, constipation, diarrhea, food intolerances, chronic fatigue etc.	NEUTRAL
2015805245	The reason this happens is due to low stomach acid, pancreatic exocrine function, and/or malfunctioning ileocecal valve.	NEUTRAL
1356308273	Bascially stress from emotions, food, drugs (recreational or pharma) all contribute to this problem.	NEUTRAL
1005318889	The overgrowth of bacteria in the small intestine leads to a lot of endotoxins (waste) from the bacteria.	NEUTRAL
1381772350	This waste damages the nerves surrounding in the gut leading to issues with motility (constipation, diarrhea), and weakens the immune system.	NEUTRAL
21146819	This is what lead to an opportunity for the herpes virus to express itself in me regularly.	NEGATIVE
1260894590	It took me years to find this out.	NEGATIVE
1875256554	I thought I was being punished and was always going to have this health situation, but luckily, I don't.	POSITIVE
921888403	To heal SIBO, you need to have a doctor or nutritionist supervise and provide a healing protocol via a diet called 'Low FODMAP", and one, to several rounds of either pharmaceutical or herbal antibiotics to rebalance the microbiome.	NEUTRAL
349192635	The low FODMAP's diet will reduce inflammation and help to starve the bacteria.	POSITIVE
8812297	Most find a huge relief in symptoms from cutting out high FODMAP foods alone, but that's only half the battle.	POSITIVE
208861273	You need the anti-microbials and re-inocculation.	NEUTRAL
100957967	Testing for SIBO is key.	NEUTRAL
2105097553	You can do so through a Naturopath or Nutritionist.	NEUTRAL
651674643	It's important to know you have it for sure.	NEUTRAL
333258454	Keep in mind, studies are now proving that SIBO is the underlying case of IBS, and can be cured with patience and diligence.	NEUTRAL
364612573	 So, the link between IBS and herpes is real.	NEUTRAL
570556406	IBS/SIBO severely weakens the immune system and creates the space of the virus to wreak havoc.	NEUTRAL
1468359625	When you get the gut micrbiome under control, the virus will not have the same opportunities to express itself.	POSITIVE
797334711	 I really hope this helps many of you struggling with this.	POSITIVE
242465269	I know it can seem like a hopeless issue and if I can add any other energy to this I'd say; please take self-judgement out of the mix.	NEUTRAL
128046368	I know, easier said than done but at the end of the day it's just a virus.	POSITIVE
1602030530	It doesn't define us.	NOT_LABELED
1262268605	Self-judgment will only lead to more stress and we don't need more of that.	NEGATIVE
1650780388	And there is someone out there that will fully accept you the way you are.	POSITIVE
805312330	I promise you that.	NEUTRAL
1195144748	Stay positive, full of optimism and self-love and don't settle.	POSITIVE
1658950512	You can heal these issues.	POSITIVE
118807	 xo	NOT_LABELED
1236188990	Before I was diagnosed with Crohn's colitis in 2005, I was experiencing alot of back pain which made it so I couldn't move around and I had never ever been in so much pain before!	NEGATIVE
1347652002	One day I was sunning and I couldn't get up!	NEGATIVE
1095665803	No matter which way I would try to help myself up I couldn't get up by myself.	NEGATIVE
1942192481	My husband had to lift me up to help me.	NEGATIVE
1899537086	This was the first thing that started happening to me before I started to get really sick with fevers, vomiting, diarhea, etc........	NEGATIVE
944483712	Hm, nobody out there have any input for me?	NEUTRAL
677643926	I hope all is well for you, I know a young person with crhon's.	POSITIVE
1992658083	Its horrible.	NEGATIVE
384577879	What is remicade?	NEUTRAL
1253498422	Is that RA meds?	NEUTRAL
1948185725	My daughter just moved to KY from WV.	NEUTRAL
569851724	Beautiful down there!	POSITIVE
1660637497	i have crohns to i have had it for 14 years im, like you i have bad..... back pain i went to the dr and she said that i colud not take any thing for it but tylenol.	NEGATIVE
252204322	other drugs has inflammtorys in them.she said that that will make the crohns flarup.then i ask for pain pills and she said i didnt need to take them.	NEUTRAL
111854337	i dont no what to do about al thatsome dr.s] i hurt all the time if you would like to email me you can i would like to talk to someone  that has crohns to it is ginger_potter***@****   ty, your frined ginger	NEUTRAL
1468676377	ok lets try this for the email     ***@****	NOT_LABELED
1103949441	Ive only be diagnosed with crohns for a year now but I'm sure ive had it for years.	NEUTRAL
470733824	I only have crohns in my small intestine and I only get pain in the low right side of my back.	NEUTRAL
2071055189	Almost like kidney pain.	NEGATIVE
1478765426	But I am postive it has to do with my crohns because it only happens when I have flares.	NEUTRAL
949635875	GO TO A CHIROPRACTOR!	NEUTRAL
615497833	DO NOT START WITH PAIN MEDS!!	NEGATIVE
1131895319	I have had Ulcerative Colitis since I was 18, 12 years now, and have been through every med available.	NEUTRAL
875407799	 Two weeks ago I had the most severe back pain ever and did not want to go to my regular doctor for pain medication.	NEGATIVE
807398583	 There had to be something better than being on pain medication.	NEGATIVE
1496520915	 I was told by several friends to see a chiroprator.	NEUTRAL
1130061994	 THIS WAS THE BEST DECISION OF MY LIFE!	POSITIVE
1340670419	 I have been seeing a chiropractor for the last 3 weeks for my lower back pain, but I have noticed tremendous relief with my ulcerative colitis which was unexpected.	POSITIVE
696935450	 I had always had discomfort in my lower back especially on my right side, like a pinched nerve feeling which made it very difficult to sleep on that side or even sit.	NEGATIVE
1524408915	 The pain I felt prior to going to the chiropractor was that same pinched nerve feeling put right in the middle of my lower back which effected both sides of my body.	NEGATIVE
1378753698	 After the x-rays my chiropractor took, I was shocked!	POSITIVE
1922287774	 There was a twist in my lower back that veered to the right (where all the pain of my colitis is located!)	NEUTRAL
883599624	 I have been pain free since my adjustments and am on a 10 week fix plan.	POSITIVE
1458670597	 Everything in our body is linked to our spine, that is where all our nerves control other parts of our body.	NEUTRAL
1792168153	 I never would have put two and two together, but it has brought tremendous relief to me that I could never have imagined!	POSITIVE
1158309354	 Remember: You have nothing to lose by going to the chiropractor first.	POSITIVE
2057779653	 Surgeries and Pain meds will stay with you for a lifetime!	NEUTRAL
1140188525	 Those should be your VERY LAST options!	NEGATIVE
1607472108	I have had the disease for two years now and I have only had about 10 days where I haven't had pain in my back legs knees shoulders and my abdomen without taking any meds.	NEGATIVE
1488963595	I was taking 16 pills a day to clam down the back pain along with my burning sensation in my abdomen.	NEGATIVE
2027058232	Finally I took Tramodol and that saved my life.	POSITIVE
1387699406	If I don't take it when I get up the pain in my back, abdomen, pelvis and knees kills me.	NEGATIVE
1183595541	I work in surgery and I have to walk and stand on really hard floors so that doesn't help at all.	NEGATIVE
1781510037	I hate waking up in the morning with a burning sensation in my abdomen and the pain and weakness I occur when I sleep for more than 5 hours at a time.	NEGATIVE
733313648	I went to a chiropractor and he really really screwed up my back.	NEGATIVE
1439782916	He hurt me more than I could imagine.	NEGATIVE
1126811422	So I started to go and get a message once a week and that helps a lot with my lower back pain.	POSITIVE
1530194185	I have been on pentasa for the last 2 years and I think my body has become acustomed to the dosage and I have had 5 flair ups since January.	POSITIVE
721240145	I just got off a 3 month course of steroids and I felt wonderful for about 1 month now I'm back to the back pain, joint pain, the bloating abdomen pain and flair ups!	NEGATIVE
1002922596	I hate it.	NEGATIVE
1539029798	My Crohns doctor is best friends with my husband and he still can't help me.	NEGATIVE
798979453	I think its a wicked disease that no one really understands and if you don't have it you don't really understand the pain that is involved with crohns.	NEGATIVE
1080286455	I have to live on Tramodol or else I'm in constant pain.	NEGATIVE
2050980481	I have to go off the tramodol for periods of times so I don't get addicted to it.	NEGATIVE
659956706	And its those times I hate even moving!	NEGATIVE
376403269	I hope my story can help those who have had these problems with Crohns.	POSITIVE
1058368580	I don't think anyone will find a cure as of yet but time will come and maybe there will be light at the end of the tunnel.	POSITIVE
1742651851	For now I take pain meds to help with the pain if I don't take them my life is pretty hard.	NEGATIVE
2139838174	Be aware that there are some types of arthritis that can go along with inflammatory bowel disease.	NEUTRAL
821418336	 Insiste on being seen by a rheumatologist and having a complete blood work up and exrays.	NEUTRAL
609566955	 There are treatments, other pain relief meds, and chiropractor or massage can help but it is important that the cause is treated, not just the symptoms.	NEUTRAL
1908030696	Quick suggestion - Yes I suffer from Crohn's however i've just had the best blood results I've ever had.	POSITIVE
975665262	 No I'm  not in remission and yes I still suffer (particularly as I have already lost 5% of my spine mobility due to a previous accident).	NEGATIVE
1913640357	 However the only thing I've done different since my last blood test is I've been eating a couple of handfuls of pepitas (pumpkin seeds - unsalted / unflavoured - just "roasted") a day - they have helped to reduce the inflammation - worth a try.....mind you - my back is killing me again at present and I'll do stretches etc to get it moving - i refuse to let this disease win.	POSITIVE
990068620	Back pain prior to being diagnosed with ulcerative colitis.	NEGATIVE
1854508881	Doctor suspected it was colon related about 5 years before my diagnosis.	NEUTRAL
788798882	Every few years I would have lower abdominal discomfort or lower back pain which was intermittent, until eventually experiencing the ulceration and inflammation of the colon which lead to my diagnosis.	NEUTRAL
189259210	Meds seem to control symptoms thus far.	POSITIVE
1972815765	I have very bad back pain and I m going to my gasrto today, I was in remission for about 3 yr,after surgery but now its back and I have cramping and back pain, I just cant stand it anymore	NEGATIVE
984267967	have blood work to check for celiacs	NEUTRAL
1387215379	have crohns 30yrs but also sprue what do u want to know	NEUTRAL
915541213	check for ostioporsis	NEUTRAL
986292217	find another doc yr only hope	NEUTRAL
1915951749	Anyone out there changed their diet?	NEUTRAL
1489093764	 It worked wonders for me.	POSITIVE
308130336	 I went to an herbalist who had me change my diet and also had me do a colon cleansing.	NEUTRAL
197397853	  I've been off of medication for over 6 years.	POSITIVE
1635684129	Hi Christine, my bf is in the same situation, can i ask what medication your rheumatologist prescribed?	NEUTRAL
605763648	thanks for sharing.	NOT_LABELED
979704265	Stephanie	NOT_LABELED
904736239	I am so sorry to read about everyone's pain.	NEGATIVE
1926028646	My sister in law was recently diagnosed with crohn's disease and she is having a lot of back pain.	NEGATIVE
1239193221	I was hoping to find some advice for her, but apparently you folks are just as desperate as she is.	NEGATIVE
1943170604	I wish you all relief from your pain.	POSITIVE
855568796	Hello, I was just diagnosed with Crohn's.	NEUTRAL
846775384	They just put me on Pentasa 8 pills aday of 500mg each.	NEUTRAL
1068050608	Wow@@ The pain has not stopped, but hoping it will work.	NEGATIVE
1957731760	I do take Vicadon only when the pain causes me to cry and I can't move or sit or lie down, and sometimes it doesn't work.	NEGATIVE
770657730	I have had MRI's to make sure it wasn't something else.	NEUTRAL
1587288236	Yes, all this pain comes from having Crohn's.	NEGATIVE
1109428682	 I hope someday they will find something that would not kill of something else helping Crohn's.	POSITIVE
1949208759	Also when things become so bad, I take a sleeping pill and muscle relaxer, that helps.	POSITIVE
62876552	It has change my life from this active, sport driven love to a person I do not know.	NEGATIVE
1724190483	Like another poster, I completely changed my diet &amp; lifestyle.	NEUTRAL
1852836162	 It has literally transformed me.	NEGATIVE
202969713	 Imuran, prednisone, humira, acsacol... Been on all of them.	NEGATIVE
966068619	 They only suppress the immune system &amp; mask the problem, not the root of the problem:  the SAD, toxins, pesticides, etc.	NEGATIVE
340371001	poisoning our bodies for yeas.	NEGATIVE
587869358	 Caron's is not a disease, it is a symptom of poor health via poor nutritious and toxins over time.	NEGATIVE
1430123166	You need to clean up the body to get well and stay well.	NEUTRAL
1132437475	 I now eat all organic ( even when I cheat and have a cookie ( rare) it's organic)  cut out sugar (most important), dairy, gluten, and processed foods.	NEUTRAL
288326783	 Am off SAD (standard American diet) and onto a paleo (anti-candida/anti-inflammatory) diet.	NEUTRAL
152959411	 THE RIGHT FOOD IS MEDICINE.	POSITIVE
80641359	 So are the right fats (virgin cold-pressed coco it oil, cod, fish, primrose, flax oils) and ACV ( apple cider vinegar).	POSITIVE
393459660	google all.	NEUTRAL
2117006138	 Also google Edgar Casey.	NEUTRAL
653560824	 He knew this 100 years ago.	NEUTRAL
704192603	 Great resource: www.healingnaturallybybee.com, and don't forget prayer.	POSITIVE
946576076	 There is great power in prayer.	POSITIVE
1083030487	 God bless you all.	POSITIVE
1401211166	I feel so bad for you.	NEGATIVE
838803872	I suffer with ulcerative Colitis for most of my life.	NEGATIVE
1994043714	I am 53 now and some times are better than others.	NEUTRAL
2034787650	I have flare ups and sometimes long remissions.	NEUTRAL
1365220209	I take asacol HD 3x day and enticort.	NEUTRAL
1071803045	It doesn't help a lot when the flare ups are at their worst.	NEGATIVE
175978905	 Don't ever give up although I do feel that way at times.	POSITIVE
811249213	That's when I realize the disease has taken control.	NEGATIVE
1517490256	It is up to us to take control and continue with life.	NEUTRAL
249989979	I have 2 boys ages 12 and 15,along with 2 foster boys ages 4 and 7.	NEUTRAL
1058513394	They all need me and I need to be there for them.	NEUTRAL
791593327	Medical technology  has come so far and even there is no cure yet for our disease I keep the hope.	POSITIVE
1819418240	It has been a while since your post and I hope you are doing better as I write this.	POSITIVE
2047091172	To all of us suffering, PLEASE never give up.	POSITIVE
922760114	It will get better!	POSITIVE
598718407	Can you share what med that was that helped you?	NEUTRAL
1258979241	My brother-in-law has Crohn's and a gluten free diet made him 90% better.	POSITIVE
743309736	 Unlike you, he suffers from it all the time.	NEGATIVE
587723522	 Maybe something for you to try.	NEUTRAL
1282351103	Thank you for the reply.	NOT_LABELED
497468047	I'm willing to try anything which is not toxic to my health.	NEUTRAL
1251757787	I have heard about gluten free diet.	NEUTRAL
2092997063	Maybe I will go ahead and try it along with aloe vera juice.	NEUTRAL
1493645370	Thanks :)	NOT_LABELED
12823511032	Thank you for the reply.	NOT_LABELED
98742700	I'm so happy for you!	POSITIVE
349783793	I cant wait to feel better again soon!	POSITIVE
774279622	Aloe vera has made me 60% better in one week.	POSITIVE
1089563701	It has cut down my bathroom visits to half.	POSITIVE
1504904644	The pain has calmed down a little.	POSITIVE
433207014	After this Im headed out to find me some gluten free eats and fenugreek.	NEUTRAL
1725468292	 I appreciate your help and support :) Thanks!	POSITIVE
357254637	Went shopping over the weekend and found this herbal tea.	NEUTRAL
791189896	Its called Mothers milk.	NEUTRAL
560704780	Its made with fenugreek seeds!	NEUTRAL
554082624	Although I felt wierd buying something which is for healthy lactation(since Im not nursing), I want to get the other benefits from fenugreek seeds.	NEUTRAL
1981761520	Straight up fenugreek tea was too bitter but this one is little mild and Im able to consume it better.	POSITIVE
1586056249	Im still continuing the aloe vera regimen.	NEUTRAL
1426574193	It has helped a great deal and I hope this tea will help finish the job.	POSITIVE
1675669851	Staying hopeful :)	POSITIVE
1956995232	hey- I was diagnosed with UC 2 years ago, and I have been on steroids almost just as long.	NEUTRAL
132786526	 I am younger than you are, now 25, but started them when I was 23.	NEUTRAL
1176657775	 If the steriods work I would stay on them until you get your UC under control.	POSITIVE
641784586	  At one point I used aloe vera, and it just made things worse.	NEGATIVE
1618733454	 I told me dr I was taking it and she said that it causes you to go to the bathroom, that is how it "cleanses" your body.	NEGATIVE
1974884427	 So i stopped it.	NEUTRAL
383568123	  There are other medications out there for UC, have you tried 6MP or Imuran, they are pills?	NEUTRAL
2003370846	 Personally, it had side effects, but everyone else I have talked to, or read about, especially on this site, has had amazing results with it.	POSITIVE
1891725834	 If you are not on steriods right now, it would be a good time to try it so you would not have to be taken off of them again.	POSITIVE
1886207243	 Other medications that I have heard that have worked well for other people are Humiera and Remicade.	POSITIVE
2048183540	 The last to are a self injection, and an infusion, respectively.	NEUTRAL
1370473070	Hey Cheekecharlie!	NOT_LABELED
482805882	I have been taking aloe vera juice.	NEUTRAL
1439667606	I have heard about the capsules but havent tried them.	NEUTRAL
2029660181	I was thinking to get some but the juice has completely turned my life around in a month!	POSITIVE
1364246370	Im all better and feel great at this point.	POSITIVE
1462426974	 If you are taking any mesalmine (Lialda etc) tablets....I would suggest you keep taking them too.	NEUTRAL
776597066	I drink the juice first thing in the morning and with dinner and one small dose right before bed.	NEUTRAL
651391621	About 3 ounces at AM and 3 ounces with dinner and 2 ounces before bed.	NEUTRAL
77608563	Good luck!	NOT_LABELED
316235221	I been dx with crohns disease but I won't take any medication because I feel great drinking aloe vera every morning just blend with honey and lemon you will see is a miracle...	POSITIVE
1763702172	I've been taking AMP (Aloe Muciaginous Polysaccarides) for ten months.	NEUTRAL
1171164363	I have had incredible success in gaining remission from crohn's.	POSITIVE
1366621184	I now lead a normal life free of the hell crohn's put me through.	POSITIVE
1214690233	Great not to have the awful side affects of steroids,methotrexate,6mp.	POSITIVE
1423063479	AMP is the healing molecules which is extracted from Aloe(my understanding).	NEUTRAL
58081182	I came across it on you tube when i viewed a testimonial by a girl in the US (Jennifer)  &amp; a guy in the UK (keith).	NEUTRAL
866383959	It wasn't cheap when i started but i now take 3 capsules p/d its reasonable.	POSITIVE
70032907	I too have Crohn&amp;#x27;s Disease.	NEUTRAL
468816649	I&amp;#x27;ve had it for 16 years.	NEUTRAL
1969603483	I went from the mildest case my Gastroenterologist has ever seen to, in his words, become his problem child.	NEUTRAL
2096888159	I have been on all the pills including Entocort with a daily Folic Acid.	NEUTRAL
1634663786	Crohn&amp;#x27;s affects everyone differently so the treatments do as well.	NEUTRAL
106786936	Unfortunately the treatments only work for a finite amount of time.	NEGATIVE
761306298	Your body will start to resist them.	NEGATIVE
1984452187	Do your research.	NEUTRAL
873404829	Talk to your Gastroenterologist.	NEUTRAL
2040632463	If you aren&amp;#x27;t being managed by one I strongly suggest going to see one.	NEUTRAL
1450964962	I have been on most of the biologics such as, Humira, Cimzia, Remicade.	NEUTRAL
2043195497	They do lower your immune system so you need to avoid people who are sick.	NEGATIVE
73517482	There are side affects but they are minimal compared to the side affects of Crohn&amp;#x27;s.	POSITIVE
776862211	The best advice I could give is to watch what you eat, make a good diary of what you eat and when and how it makes you feel, also include how it affects your bowel movements.	NEUTRAL
700486960	Write down if they are loose or hard, watery, what color it is, if there is an unusually foul smell, or if you notice any blood.	NEUTRAL
751602393	Share this information with your doctor.	NEUTRAL
418079682	Talk to a nutritionist to help with planning meals to get your vitamins.	NEUTRAL
313195737	Hard thing to do when a person has Crohn&amp;#x27;s.	NEGATIVE
356044524	Try to stay regular when it comes to your bowel movements.	NEUTRAL
1042628912	The more fibrous the food is will cause pain and constipation.	NEUTRAL
1127595717	Try to avoid nuts, fresh fruit and vegetables, whole grains and dairy since lactose intolerance goes hand in hand with Crohn&amp;#x27;s.	NEUTRAL
1293762149	Don&amp;#x27;t let people convince you to try the latest fads around colon cleansing and probiotics.	NEUTRAL
1245350095	Always consult your doctor first and I can&amp;#x27;t stress this enough do your research.	NEUTRAL
584223785	Get your rest.	NEUTRAL
1599592022	Drink lots of water.	NEUTRAL
251282516	Limit anything with caffeine.	NEUTRAL
7638859	Join a support group.	NEUTRAL
1636411898	If there aren&amp;#x27;t any in your area there are several groups on Facebook.	NEUTRAL
1624594524	Tell them what you deal with.	NEUTRAL
1286805084	They, like me, will gladly try to help you.	NEUTRAL
2048784087	We&amp;#x27;ve all been there.	NEUTRAL
2147328703	We don&amp;#x27;t want to see others make mistakes if we can help it.	NEUTRAL
1667510856	Crohn&amp;#x27;s does not have a cure.	NEGATIVE
158029995	It can and will come back.	NEUTRAL
408123310	The best we can pray for us to be in remission and symptom free.	NEUTRAL
455178306	This is a disease you must be mindful of for the rest of your life.	NEUTRAL
2060712286	Left untreated it will get worse.	NEGATIVE
1366217561	Take care and good luck.	POSITIVE
120629343	If you want to talk to me or ask me questions I am on Facebook as Lori Spurgeon from Ottumwa, Iowa.	NEUTRAL
897467645	Just send me a message to remind me it&amp;#x27;s you so I will make sure to add you on my friends list.	NEUTRAL
335220976	For the past month now, I have had chronic diarreah.	NEGATIVE
746970460	Everything I eat, gives me diarreah.	NEGATIVE
903590719	It is extremely painfull.	NEGATIVE
1115667191	I get cramps that radiate into my legs and down to my feet.	NEGATIVE
2092999635	I am litterally screaming in pain, in the bathroom.	NEGATIVE
35431793	I have had this problem since I was a kid, and it seems to have gotten worse recently.	NEGATIVE
1570938462	I can't eat anything without getting bad cramps and diarreah.	NEGATIVE
253882068	I have to drink half a bottle of pepto bismol, to keep myself from spending hours in the bathroom.	NEGATIVE
1410870055	When the Pepto wears off, I will get woken up at 7:30 am, with bad gas and cramping.	NEGATIVE
256763252	Then the diarreah will start up again.	NEGATIVE
1635077452	It will hurt really bad, and then I'll have a movement.	NEGATIVE
858095667	Then  I feel ok, and then a minute later, the pain and another small movement comes.	NEGATIVE
1428920478	I now have a dull aching that shows up in my feet, right before the cramps and bowel movements start.	NEGATIVE
451333616	The pain gets worse right before I have the movement.	NEGATIVE
477357898	I can't take it anymore!	NEGATIVE
266757828	This diarreah is controlling my life and making it very hard to do normal every day things.	NEGATIVE
835221433	I'm stuck at home sometimes cuz I can't stop going to the bathroom.	NEGATIVE
42791714	The pain is excruciating and nothing seems to make it go away.	NEGATIVE
473079637	I take immodiums, but they're expensive and when they wear off, I feel like I wanna die.	NEGATIVE
661684740	I have been to doctors for this same problem, minus the foot pain, and they give me the same line of bull. "	NEGATIVE
562350129	It's stress."	NEGATIVE
788029879	It's not stress!	NEGATIVE
660011143	I have nothing to be stressed out about!	NEUTRAL
837379179	My life is pretty peacefull.	POSITIVE
1596906259	I'm desparate for answers and some kind of relief.	NEGATIVE
1049226417	I'm hoping someone can help me out here.	NEUTRAL
34229143	I've tried telling my friends and they tell me I'm insane an that it's all in my head.	NEGATIVE
543712168	I just wanna scream when they say that to me.	NEGATIVE
412567270	I feel like I'm all alone in this battle and there is no hope of winning it.	NEGATIVE
1198095113	Please, anyone, if anyone out there knows what's wrong, please tell me!!	NEUTRAL
586763719	I have the same problem, though not as extreme.	NEUTRAL
59383955	It has been getting worse the older I get.	NEGATIVE
447505710	My mom has had the same problems since I can remember, so has my grandpa.	NEGATIVE
282954833	If you find out the answer, I would like to know.	NEUTRAL
1124521685	I have had several tests and they all come back normal.	POSITIVE
467358138	I have AS, but I don't think that is a common denominator.	NEUTRAL
1714450657	Hi from London.	NOT_LABELED
1810023837	I have similar stomach problems as those that you have described , I'm 44 years old and this problem started when I was 11 or 12 years old.	NEGATIVE
2121470302	I've recently been diagnosed with a condition named BILE SALT MALABSORBTION , Google it and see if it corresponds with your symptoms.	NEUTRAL
2087548621	Don't be fobbed off with useless doctors telling you that it's caused by stress , that doesn't help you at all does it.	NEGATIVE
1237421857	Good luck with it , it's not a nice problem to have and there's no real fix for it  :-(    .	NEGATIVE
1106872852	I now take large quantities of a powder called COLESTYRAMINE (also know by different names).	NEUTRAL
446051661	This powder does sometimes help settle it down , but as I have a particularly bad case of BSM the symptoms never totally disappear.	NEGATIVE
538718548	When doctors fail to diagnose an ailment they often ascribe it to "stress," or "anxiety."	NEUTRAL
770154001	or "autoimmune," a term growing in popularity.	NEUTRAL
1683184445	I guess it hurts to say, "I don't know what is wrong with you."	NEGATIVE
1200348350	Some of those on this forum may be suffering from a pathogen, in which case the most likely culprit is Candida albicans.	NEUTRAL
963995365	There are cases of IBS, Crohn's and similar problems in my family.	NEUTRAL
1641523152	We are having early success by treating one of the sufferers for candidiasis.	POSITIVE
1730340831	He is taking Lugol's solution since fungicides don't work and have serious side effects.	NEGATIVE
1385019495	I should mention that the proliferation of candida is often caused by sugar and starches, antibiotics, and prednisone and inhaled steroids.	NEUTRAL
199155202	Candidiasis is an under-diagnosed ailment.	NEGATIVE
1219238312	They told me stress at 1st also!	NEUTRAL
125931157	Turned out its Crohns Disease but I'm still screwed bc I was exposed 2TB  when I was a Pharmaceutical Tech and the meds tht help Crohns I CANT TAKE BC OF THIS EXSPOSER 10+ YRS AGO IT REALLY ***** knowing whats wrong but still no help from my Gastro Dr!	NEGATIVE
389659389	Did your pain in your foot with bowel movement go away?	NEUTRAL
1156731834	 I had tarsal tunnel and plantar fasciitis surgery 4 weeks ago and 2 weeks ago, I began to have burning on the ball of the foot with bowel movement.	NEGATIVE
931151405	It's pretty painful and the surgeon has no answers and has never heard of this.	NEGATIVE
1294934927	 Please email me with update:   ***@****	NOT_LABELED
1804165355	Hi Liz, Thanks for the advice.	NOT_LABELED
1721783604	I am taking Asacol right now.	NEUTRAL
1112036705	I took Azathiorine before and ya' I didn't care for it.	NEUTRAL
1888383217	Please keep in touch, its great talking to people who understand what I'm dealing with and who understand crohns.	POSITIVE
1533520434	The closest support group to me is about 2 hours away  And my poor husband and kids have never met anyone other than myself who has had crohns.	NEGATIVE
1132902729	We are still learning so much.	POSITIVE
15598971	Thanks for your advice, its much appreciated!	POSITIVE
1287351116	Hi again, just had a thought that may help you.	POSITIVE
2141022366	When I was on FEC chemo for breast cancer, I was very sick (vomiting and diarrhea) and couldn't even eat a mouthful of home made vegetable soup with the solids strained out without rushing to the loo.	NEGATIVE
1989632941	My Oncologist prescribed a small daily dose of dexamethasone (a steroid) and got the hospital to send me a huge carton of Fortijuice - a vitamin and mineral juice type drink - 9 different flavours, all yucky, but I had to have some nourishment to stay alive.	NEUTRAL
1921426537	Each carton had 300 cals and I had to sip 3 cartons a day.	NEUTRAL
1027703778	Did the trick!	NOT_LABELED
767729012	I also had bad nausea, and found that any drink with ginger in it did quell it somewhat.	POSITIVE
557648840	I seemed to have drunk gallons of non alcoholic ginger beer (cloudy and fizzy) and ginger ale (clear and fizzy), plus the occasional treat of Stone's Green Ginger wine - slightly alcoholic, topped up with ice and ginger ale.	NEUTRAL
1895172905	These drinks stopped me from becoming dehydrated.	POSITIVE
1062862820	 I did lose some 28 lbs during the 4 months of FEC chemo, but have put it back on thankfully and am steady at 112 lbs.	POSITIVE
1335804744	perfect for my small frame and height.	POSITIVE
1321055968	Just a thought - many of my bc sisters have also found ginger very helpful in dealing with constant nausea.	POSITIVE
76337	Li.	NOT_LABELED
2111690267	Liz, Thank you so much.	NOT_LABELED
1221213681	Your comments prompted me to get myself to the dr.	NEUTRAL
958141292	I feel so much better.	POSITIVE
840512893	I am able to eat (with limitations) but I am holding my food down.	POSITIVE
261191320	I haven't had any vomiting and very little nausea.	POSITIVE
1954166080	I am still have a lot of joint pain and I need to go see the doc again re: that symptom.	NEGATIVE
2032002478	Do you suggest any meds with little side effects.	NEUTRAL
1346284799	The doc gave me percocet for the pain but that isn't working so well.	NEGATIVE
1425434139	I didn't want to go the standard route of steroids to cure the flair up and thankfully the doc is treating my symptoms individually.	POSITIVE
877716356	 I hope you are doing well, I'm so happy to have found a crohns friends with the same "happy to be alive" feeling that I have.	POSITIVE
959156510	 I feel good on this forum being able to talk about my disease without feeling like I'm complaining.	POSITIVE
1635609201	My husband says I never tell him when I'm not feeling well.	NEGATIVE
527647071	But I'm so happy to be on this earth with my children that I don't like to complain about my crohns.	POSITIVE
499657638	thanks for all the advice.	POSITIVE
1361618021	Hi - good to hear you are feeling a tad better and eating a little.	POSITIVE
80219184	Not sure which meds you want advice on - I take, on rising, one codeine phosphate (helps with the lower abdomen pain), one imodium to slow down the motility, one folic acid (necessary when taking methotrexate) and inject myself with 12.5mg of methotrexate weekly. (	NEUTRAL
484533352	I take other meds for breast cancer and osteopenia).	NEUTRAL
14083749	Mtx can be very toxic to the liver especially, but I have monthly blood tests and am tolerating it well.	POSITIVE
83575289	I don't feel I have side effects at all from mtx, but have had to stop my bc med, Arimidex, which has caused severe joint pains (hips,hands &amp; feet).	NEGATIVE
1677938279	Stopped 4 weeks ago and the pain has diminished somewhat.	POSITIVE
1706700761	Seeing GP 28th May for referral to a new Oncologist as mine retired last year.	NEUTRAL
1879300668	 You are right to steer clear of steroids.	POSITIVE
1022527071	When I was dx in 1970, the dark ages as far as Crohn's was concerned, the only med to bring a flare into remission was prednisone, and the thinking then was it would keep one in remission, which has now been proven to be inaccurate.	NEGATIVE
1740430110	 I was on steroids, varying amounts, for 30 yrs and this has played havoc with my bone density, which is classed osteopenic after various DEXA scans.	NEGATIVE
1885160333	I take alendronic acid (a bisphosphonate) weekly, and daily Calcichew/Vit.	NEUTRAL
538651310	D to strengthen my bones and prevent further loss.	NEGATIVE
1483115	 Nobody told me all those years ago that steroids did this, perhaps they didn't know, but even if they had, there was no alternative to steroids.	POSITIVE
1906400376	 Happily, there are so many new drugs now for Crohn's, it seems to be a question of trial and error to find one that keeps you in remission.	POSITIVE
2118762510	Guess I discovered the holy grail when I found mtx on the internet and badgered my then gastro to prescribe it off licence.	NEGATIVE
1535943186	It is still not licensed in England for Crohn's as the mfrs feel there are too few patients to make the licensing costs worthwhile.	NEUTRAL
1943726976	 Are you on an immuno-suppressant?	NEUTRAL
261688049	I remember some years ago when the Crohn's &amp; Colitis Foundation of America (CCFA) had a website where questions were answered foc by a retired gastroenterologist, Dr. Eugene May. That forum is now defunct, due to legal problems, diagnosing/prescribing over the net.	NEUTRAL
31751820	However, Dr. May did say that Crohn's patients should always be on an immuno-suppressant (like mtx), because the disease is incurable.	NEGATIVE
967036219	 I have not had a flare since taking mtx, except for a bad one when having FEC chemo for breast cancer and had to stop the mtx.	POSITIVE
957515654	 Take care Li - always happy to share my own experiences with you if I can help at all.	POSITIVE
23688492	Liz.	NOT_LABELED
1407003489	Hi Liz, Hope you had a great weekend.	POSITIVE
886824820	Im in the same boat!!	NEUTRAL
1207227783	I wake up vomiting and cant hold anything down.... When its that sever it lasts about 2 weeks and then I'll go down to 2-3 times a week.	NEGATIVE
1655729704	Even if i just have some water in the morning I might vomit.	NEGATIVE
1894266590	I'm currently on pentasa, and going to start predisone in July.	NEUTRAL
1976376586	Im VERY nervous.	NEGATIVE
1314407801	I rather vomit then go threw all the side effects I've heard of!!!	NEGATIVE
58780734	But vomiting is affecting my daily life.	NEGATIVE
1736434203	I think its been about 5 days since I last threw up and thats the longest of gone since probably November.	NEUTRAL
1136728513	Now its coming out the other end (I think is worse) Im going any where from 4-10 times a day and its not nice!	NEGATIVE
1525829742	So I dont think theres much you can do.	NEGATIVE
2084988204	Its just living with crohns!!	NEGATIVE
785106215	Ive tried changing how I eat and even that hasnt made a difference.	NEGATIVE
930936668	If you find anything that helps please let me know!!	NEUTRAL
1760961277	The Dr. gave me compazine for the vomiting.	NEUTRAL
1506502173	I helped but I had to stop taking it because it made my joints hurt too much.	NEGATIVE
1827459470	How are  you doing on the prednisone?	NEUTRAL
614450589	I am a former patient of Dr may and I have a question I need to ask him is he still available?	NEUTRAL
1007816238	I've had Crohn's for 18 years, and I've had my share of meds.	NEUTRAL
441326087	Prednizone, Sulfasalazine (Azulfidine), and more recently ENTOCORT EC (a nonsystemic corticosteroid)- basically works like a steroid without going into the bloodstream, so it has very limited side effects.	NEUTRAL
1728801576	My Crohn's has always been upper track, especially in the stomach.	NEUTRAL
526409930	If my stomach is upset with stress, booze, or too much acid I get horrible stomach pains and usually vomit and dont eat for several days.	NEGATIVE
1717952161	My health insurace decided to stop covering my medicine for heart burn, Protonix, they want me to use over the counter digestive band aides.	NEGATIVE
1359437025	This stresses me out, so I get sick.	NEGATIVE
1292037180	I also manage my Crohn's with Canabis.	NEUTRAL
1398866692	When I first started smoking, my major symptom-appetite loss all but disappeared.	POSITIVE
1474816826	 Then I was able to start looking at other supplements and how to treat Crohn's with better eating.	POSITIVE
1775645925	No more red meat, especially red meat that is fed with corn- this means no fast food, no mystery meat!	NEUTRAL
1442309261	I had an almost immediate health turn around after making this change.	POSITIVE
1222117517	No more corn!	NEUTRAL
814006858	Especially processed corn, it destroys your insides by throwing off the natural fatty acid balance.	NEGATIVE
1531810317	Supplement with fish oil to help with this.	POSITIVE
2134485022	When your DR prescribes antibiotics, make sure to take Probiotics to increase healthy micro-flora.	NEUTRAL
84249526	Find out where you need nutrients and supplement wisely.	NEUTRAL
1863602217	Exercise exercise exercise!	NEUTRAL
1927373142	Seek counseling and find others who have the same troubles and talk about it.	NEUTRAL
1461447107	Better to get it out than hold in in your stomach!	NEUTRAL
465928413	Be well.	NOT_LABELED
1128773881	I am a 25 year old female.	NEUTRAL
382411083	I was diagnosed with Ulcerative Colitis almost a year ago after having a bad attack after pizza one weekend that never went away.	NEGATIVE
774326078	It took about 3 months of extreme pain, biopsys, barium tests, and a colonoscopy to find out what I was sick with.	NEGATIVE
1795107673	I spent 3 months off of work resting at home because I became so sick and malnourishment and too many trips to the bathroom to count.	NEGATIVE
1544762790	The pain I experienced was horrible.	NEGATIVE
1175891201	I would get bundled over with abdomal pain and just start crying in front of my customers due to the insane pain.	NEGATIVE
1654452430	I was put on my first treatment of ENTOCORT EC for 4 months along with Protonix for the heartburn, and another pill for the nausea.	NEUTRAL
2053100238	I was able to return to work after 3 months but was still feeling very ill.	NEUTRAL
1136473346	Its been almost a year and I am not healing as suspected so I am on my second round of treatment with Entocort and protonix.	NEUTRAL
934826631	I am struggling to find out what my body can eat and what it cant.	NEUTRAL
1748927064	I am still throwing up a few days in a row in the mornings no matter what it is that I eat and It seems that when I start to feel ill it last about a week.	NEGATIVE
846213731	Everyday is a different story and that is frustrating in itself.	NEGATIVE
491976993	This has taken a toll on my normal cheery self and the steroids give me horrible side effects including: depression, insomnia, weight gain, sweats, nausea, etc.	NEGATIVE
1813407470	The depression is the worst, I feel very angry that at 24 years old I have been handed this card and I am not able to live the life of a normal 25 year old right now.	NEGATIVE
2051767930	Its going to take some time to get use to the idea but I believe everything happens for a reason and we arent given more than we can handle... most of the time.	NEUTRAL
1829202289	I wish the best of luck to everyone and Its not an easy journey but you are a stronger person for doing it.	POSITIVE
228030003	Begin by only eating brown rice and soy yogurt.	NEUTRAL
1108685217	Make a record of food that make you sick.	NEUTRAL
400006546	 Basil and many spice made me sick.	NEGATIVE
171014123	People think I am crazy but it works.	NEGATIVE
1363035561	Hi All,I thought I would let some people know what my experiences were.	NEUTRAL
1587053863	I have Ulcerative colitis, and really from the start (3 - 4 years) i have had constant morning nausea.	NEUTRAL
2045827969	To be 100% honest, I get nausea and dry reaching / vommiting, but it is almost always when I get up, and before I eat, normally in the shower i have 5 - 10 mins of dry reaching.	NEGATIVE
1071829271	It is not effected by bowel movements, i.e I have not gone to the toilet or even after I still get it.	NEUTRAL
2006089110	I changed my meds from salfa to mesaline and that made a 10% difference, certainly not signifant but enough to offer a little relief.	POSITIVE
1089851619	I have not found a solution to preventing something like this, and again being honest its something that I have almost gotten used to, its not something that I like to have to go through every morning, nor is it nice for my partner to listen to, but I certainly am getting used to it, and not eating before makes it a little easier, if i was to have breakfast then be sick, i would not be able to handle it, so I normally don't eat breakfast.	NEUTRAL
962034635	Sorry its not a solution, rather another perspective.	NEUTRAL
1756028799	Just wondering if ant fellow crohnies out there have had kidney trouble.	NEUTRAL
785240897	 Like stones, chronic uti - bladder-kidney infections, urinating up to 20 times aday everyday?	NEUTRAL
303869119	 if anyone has info or exprience please let me know.	NEUTRAL
630404418	Thanks,Pro2675	NOT_LABELED
1834783180	I was dignosed with Crohns over the Christmas holiday 2011 after spending the night in the ER, with what I thought was a violent case of the stomach flu.	NEGATIVE
1444673184	 I do not have medical insurance therefore have not been to my Primary Care Dr. for any follow up.	NEGATIVE
316533239	 I seem to get sick to my stomach ALL the time.	NEGATIVE
1495291086	 I could be riding in the car and all of a sudden I have to throw up.	NEGATIVE
1935619769	 I'm not one for taking "Modern or Western medications"  would love to treat this as homeopathically as possible.	NEUTRAL
939942924	 I go from feeling great to feeling like a have the flu in a matter of minutes sometimes.	NEGATIVE
690299007	 My husband just thinks I've turned into a complainer and has little to no sympathy, which is emotionally rough.	NEGATIVE
39718745	 Any thoughts or words of wisdom from any Crohns Vetrans?	NEUTRAL
2137165471	 Heide	NOT_LABELED
1108196232	Buy aloe vera juice, drink it before bed.	NEUTRAL
965649796	 Not the sugary drink but the stuff at the health food store.	NEUTRAL
1046475384	 Cut out wheat from your diet....it inflames.	NEUTRAL
771900349	   Corn is also iffy.	NEGATIVE
1677238832	 Grains are hard on the system.	NEGATIVE
342037338	 Ask your doctors to put you on the steroid treatment and good luck.	NEUTRAL
11081962322	Buy aloe vera juice, drink it before bed.	NEUTRAL
9656497962	 Not the sugary drink but the stuff at the health food store.	NEUTRAL
10464753842	 Cut out wheat from your diet....it inflames.	NEUTRAL
7719003492	   Corn is also iffy.	NEGATIVE
16772388322	 Grains are hard on the system.	NEGATIVE
3420373382	 Ask your doctors to put you on the steroid treatment and good luck.	NEUTRAL
814807275	 Google wheat and how horrible it is on the body.	NEGATIVE
467839363	 Go glutten free and cut grains as low as possible.	NEUTRAL
33811569	I agree with thr cannibis!	POSITIVE
1457290399	Its the ONLY thing that helps me!	POSITIVE
988974635	Also yogurt and rice.	POSITIVE
687179282	I have been on Orednisone at high doses, for 30 years as I sit here, with 8 fractured vertebrae and 2 fractured Prlbis', I am MOW wondering if it was worth it!HOWEVER my Rheumy has dropped my Prednisone from 80 mg/ day, to 7 1/2/ day, and I feel HORRID!	NEGATIVE
436599290	I, too, started vomiting ALOT!!!	NEGATIVE
1003505858	As this is my LEAST favorite exercise, I begged the ER doc, the other day, for something for it- he gave me some sublingual Xofran tablets!	NEGATIVE
1341134335	What a MIRA CLE!!!	NEUTRAL
1223130881	I also take Lomotil, daily, and at times must need it up with Imodium Multi Symptom tabs.	POSITIVE
519000925	He also have me a TRUE wonder drug, called, Hydroscyamine- which stops the gramps, even before it's through dissolving!	NEUTRAL
1093723346	I take Entocort, too, and it helps the intestines tremendously, but it's cost prohibitive, at $1,700.00/ month!!	NEUTRAL
138808682	I also take Lialda, an anti inflammatory that act just in the gut!	POSITIVE
1714946968	Love it!	NEGATIVE
469485472	Even with all of these tools, I am having to wear a Depends, 25/8!!!	NEUTRAL
2074345681	I'm only 55, and haven't found anyone yet!	NEGATIVE
1716630740	Not going to, this way, either!!!	NEGATIVE
1460724935	Lol!	NEUTRAL
2374168	I, too, vomit watery bile- which I hate!!!	NOT_LABELED
1573977256	The Zofran has helped that , my other problem, tho, is that my Medicare ins.	NEGATIVE
489759403	Only covers 6 prescriptions/ month!!	NEGATIVE
2045511235	I now take 38!!!!	NEUTRAL
290130822	Am totally disabled, and cannot afford that much to spend just on scripts- every month!!!	NEGATIVE
1872311260	I had my colon removed in 2004 because of severe ulcerative colitis.	NEGATIVE
1222094878	 My surgeon was able to perform a Restorative Proctocolectomy, so I have an internal J-Pouch.	NEUTRAL
1895896292	 Life with the J-Pouch has been tons better than with the rogue colon, but it has never been 100%.	POSITIVE
1776171150	 My doctor and I have tried all kinds of medications to get it to calm down, Flagyl, Amitriptylin, Glycopyrrolate, Xiflaxin.	NEUTRAL
18705959	 The only thing that has seemed to help was Ciprofloxacn, which then stopped working after a time and now works again in combination with Tindamax.	POSITIVE
1080343336	 My surgeon would prefer me not to be continuously on two antibiotics and I would certainly prefer that too, but the alternative is not fun, cramping, constant bathroom visits and the worst is leakage at night.	NEGATIVE
1547028993	 Does ANYONE have any remedies, natural therapies, a different medication to suggest, really anything?	NEUTRAL
1672340138	 I have also tried a course of probiotics while not taking medication and my pouch just continued to get worse.	NEGATIVE
234697705	Have they looked at your diet?	NEUTRAL
520831684	 You may be eating too much fiber, sugar and/or spices.	NEGATIVE
515210659	 I've had my pouch for 15 years and definitely the first year or so was tough but I eventually got into the habit of eating bulking foods (oatmeal, marshmallows, apple sauce, meats, eggs) and avoided heavy fiber foods and spices.	NEUTRAL
213169783	 Eventually I've been able to eat anything but occasionally if I have too much spicy or too much salads or sugar I run into problems.	NEGATIVE
1001899666	 I assume you take an anti-diarrheal?	NEUTRAL
326294606	Thank you for your response.	POSITIVE
1512620377	 Unfortunately, even when I had Ulcerative Colitis, diet never seemed to make a difference.	NEGATIVE
849922109	 However, I do avoid spicy foods because they do bring pain.	NEGATIVE
168393690	 As far as anti-diarrheals, I have tried Imodium but it seemed to make me feel like I had a blockage or constipation, but maybe I was taking too many or something.	NEGATIVE
251623552	  Thank you for the thoughts; I'd definitely appreciate any more you might have.	POSITIVE
1494896954	There are some other prescription drugs your doctor can give you - antispasmodics.	NEUTRAL
1274141420	 Do ask for those.	NEUTRAL
1413206824	 They can make a big difference.	POSITIVE
1810598663	I have Chronic Pouchitis.	NEUTRAL
2093407234	 I have had the pouch for 10 years now.	NEUTRAL
38841014	 I have tried everything from diets to anit-diarrhea meds, anitbiotics and remicade.	NEUTRAL
2096873056	 Nothing has yet worked for me.	NEGATIVE
1003315006	 Have had the bag option in mind, but trying to hold off as long as possible.	NEUTRAL
761805317	 I'm only 28.	NEUTRAL
221045324	 I will be going over a reconstructive surgery for a possible new pouch.	NEUTRAL
1226084165	 I am up every 2 hours throughout the night and need to plan my day around the bathroom.	NEGATIVE
1369898853	 I am an athlete and this is probably the worst hold back ever.	NEGATIVE
337288622	 Any thoughts??	NOT_LABELED
2063406589	I had what I thought was chronic pouchitis.	NEUTRAL
1572416303	 The meds were not helping.	NEGATIVE
761167486	 I found that I had an overgrowth of yeast in my body.	NEUTRAL
2051055155	 Went on a few weeks diet of no yeast, gluten, sugar and added probiotics and took a supplement from a naturopath which killed the yeast and then went back to a normal diet.	NEUTRAL
671538964	Talk to your doc about xifaxan.	NEUTRAL
1191775889	 It's an antibiotic that only impacts the digestive tract.	NEUTRAL
1748953673	 I've had chronic pouchitis since getting my pouch 11 yrs ago, and this is the only thing that helps.	NEUTRAL
106404841	 I also take a small amount of probiotic in the form of yogurt every day.	NEUTRAL
385447481	 That's counterintuitive with the antibiotic, but they seem to strike a better balance that with the antibiotic alone.	POSITIVE
392732488	I have had j-pouch since 1991 and last few years have had very bad pouchitis overflow incontinence.	NEGATIVE
1050473635	Pouch nurse gave me a Medina cathater which is a tube with which you can empty the pouch.	NEUTRAL
1202802173	I carry it with me all the time and has helps me keep the pouch empty.	POSITIVE
1598120454	I have also started on a no sugar, no milk, no wheat diet plus daily use of VSL3 probiotic.	NEUTRAL
1925882464	Seems to be helping, especially the Medina cathater which stops (not completely but 80%) the incontinence.	POSITIVE
1759381656	I recommend it.	POSITIVE
1856372622	Hi, my name is Serina.	NEUTRAL
1274877061	I am 19 years old and I have a j-pouch too.	NEUTRAL
1243218801	I have had mine for about a year, and i have pouchitus.	NEUTRAL
764664078	I am on humira, which helped at first but eventually stopped working.	NEGATIVE
419518674	I went to see a nutritionalist who works with people who have chrones, bid, and uc.	NEUTRAL
524701917	She has me on a diet that eliminates ALL grains.	NEUTRAL
692359159	I eat a lot of cooked vegetables, protein from fish and chicken, and this wonderful bread called "almond bread".	NEUTRAL
183247819	You make it from "almond meal" that you can find at trader joes.	NEUTRAL
996743401	It is pretty much just pure almonds and eggs.	NEUTRAL
943262801	It is amazing and never hurts my stomach!	POSITIVE
1424333098	I strongly suggest you make some.	POSITIVE
525337998	Just type in "almond bread recipe" in google.	NEUTRAL
288265296	Also probiotics, aloe Vera capsules, and a multivitamin are good.	POSITIVE
930582316	 If you can afford it, go to some yoga classes, get some reiki, and do some meditation.	NEUTRAL
876017651	Hope this helps!	NEUTRAL
2123704311	I am a 51 yr old female who had UC most of my life.	NEUTRAL
22909681	In 2007 I had a total protoctomay w/J-pouch and my life couldn't be any worst.	NEGATIVE
1351836639	I have nothing but complications especially with pain.	NEGATIVE
501463196	I have severe pain and spasms in my anal and pouch area that if not treated I'm sure I would die from heart failure because this pain is absolutely intolerable.	NEGATIVE
827189610	I have been on high doses of morphine since the day of my surgery.	NEUTRAL
121052668	I take 15mg of morphine every 8 hours plus breakthrough throughout the day as needed.	NEUTRAL
1382770969	I have pouchitis all the time and now my pouch is ulcerated.	NEGATIVE
1561977322	I have incontinence through out the night.	NEGATIVE
1812572183	Go to the bathroom at least 7-8 times a day.	NEGATIVE
544261321	I use to be a runner but now can have no physical activity because of my incontinence and frequent bathroom stops.	NEGATIVE
1066003603	If I do anything physical or lift anything heavy I through myself into spasm which then require more morphine to manage my pain.	NEGATIVE
175520780	I'm tired, depressed and scared to think this is my life.	NEGATIVE
441972865	I have been seeing Dr. Bo Shen of the Cleveland Clinic who gives me alcohol and kenelog injections into the cuff of my J-pouch evert 6-months and at first this seemed to help with some of my pain and I was able to decrease my morphine intake.	POSITIVE
825536117	However, lately I feel little relief.	NEGATIVE
1290004105	 I haven't heard anyone talk about pain.	NEUTRAL
1716429693	Really need some advice and encouragement.	NEUTRAL
65673	BG	NOT_LABELED
1619614582	I had a brooke ileostomy before I got my "K" pouch and I wish I never made the change.	NEGATIVE
1766046233	I've had pouchitis over and over and it really wears you down.	NEGATIVE
1282501751	For me the ileostomy wasn't a huge issue but the wife wasn't too happy.	NEGATIVE
1232396041	Sadly the wife is now my ex and I live with this pouchitis everyday.	NEGATIVE
769187072	Hope to make the change back and eat whatever I want and no longer have to deal with the pain.	NEUTRAL
489392940	This procedure is not well known but is excellent.	POSITIVE
424757021	 Go to www.bcir.com and check it out if you are tired of your J-pouch not working correctly or still having to search for bathrooms every hour or so.	NEUTRAL
1164714150	Or if you tired of dealing with your Brooke Illeostomy not staying on or damaging your skin.	NEUTRAL
1289484375	 I have had UC for 15 years and finally all of the meds stopped working.	NEGATIVE
2078077341	 When my Gastro told me that I needed to have my colon out I was devastated.	NEGATIVE
1860449631	 I had researched the "bag" and was not pleased with the results.	NEGATIVE
1184759697	 I also was not excited about the J-pouch option as it did not seem to improve the quality of life much and so I looked further into the BCIR option.	NEUTRAL
1645664528	 I had a total proctocolectomy on 3/21/14 and life is getting better.	POSITIVE
597861860	 The BCIR is similar to a Koch pouch with an improved valve design so there is no incontinence/leakage.	POSITIVE
763887317	 I wish more Doctors knew about this option to at least give us, their patients more choices.	NEUTRAL
54488774	 Dr. Ernest Rehnke from the Palms of Pasadena Hospital in St. Petersburg, Florida is an extremely talented surgeon and the staff at the Palms is fantastic.	POSITIVE
2004927271	 Please at least check into this option and make an informed decision.	NEUTRAL
1619515629	I'm glad I did.	POSITIVE
1449679916	I was diagnosed with Chrons in 11/07.	NEUTRAL
1681890414	The only reason I am at this point is that in June 07 I began having wicked arthritis in my entire body.	NEGATIVE
384838261	I could barely move, pick things up, etc.	NEGATIVE
709821925	After many doctor visits, appointments with numerous specialists (including an RA specialist, after taking many ugly meds with bad side effects) I was sent to a GI and diagnosed with Chrons Colitis.	NEUTRAL
963852151	He said that the arthritis is a direct side effect of the Chrons.	NEUTRAL
1310296103	I only got my life back after a crazy regimine of steroids and Celebrex.	NEGATIVE
1665580625	Now I am being weened off of the steroids (it is painful and the arthritis flares up every now and then) and am on Imuran and am bouncing back.	POSITIVE
571721635	Unfortutanely I still have to deal with the issues with the damage I sustained when my immune system decided to attack all my joints.	NEGATIVE
2702210	Wow!	NOT_LABELED
1076336326	 It's nice to hear that I am not really crazy.	POSITIVE
874069655	 I was diagnosed with Ulcerative Colits and Relapsing Polychondritis in 2009 and I've had so many side issues I don't know which is to blame.	NEUTRAL
1540627991	 It's very difficult trying to work or even explain to some people what is going on with my body.	NEGATIVE
1598392426	 Some days I wake up and everything is just fine and some days I'm drained because I may have spent half the night in the bathroom or I wake up to some part of my body being swollen.	NEGATIVE
1733324387	 Sometimes it's the joints but more often than not it's the area around the joints (from the RP).	NEUTRAL
315695788	 In the last year I've had swelling/inflammations in my nose, ear, face, neck, elbow, wrists, arm, fingers and toes.	NEGATIVE
1428449980	 One day both of my ankles were totally swollen and I was confined to bed which is very difficult with UC.	NEGATIVE
1233250895	 It's become a running joke each day to see what part of my body is sore or inflamed as I'm trying to see the humor in all of this to keep from crying.	NEGATIVE
695690069	 Anyway, just wanted to say it's actually good to know that I'm really not alone in this craziness.	POSITIVE
1000191943	Wow I am so happy to read all these postings I was just notified that I was misdiagnosed and I never had Ulcerative Colits I have always had Chrons Disease.	NEGATIVE
68119	I am now addicted to Codeine Sulfate.	NEGATIVE
1761525228	I was given that to keep my bowels thicker.	NEUTRAL
890488261	I have seen many GI doctors and I think they just love to write prescriptions to keep you quite.	NEGATIVE
1548024683	When I get down to pick something up it takes me forever to get back up my knees hurt so BAD.	NEGATIVE
1271995519	My arm and hand go numb and I have constant back pain.	NEGATIVE
330778298	They think the back pain is from all the fistulas I now have.	NEGATIVE
842355281	Before they diagnosed me with Chrons I was scheduled to go in for surgery on March 30th to make my ostomy bag forever.	NEUTRAL
1438011885	Now with me being diagnosed with Chrons not sure about the surgery but the dr still wants to do it.	NEUTRAL
340180253	They now want to put me on all types of Chrons medicine.	NEUTRAL
2084117901	I am frustrated and so upset this has happened to me.	NEGATIVE
226365501	Hi, I'm a 45 yr old woman who was diagnosed with Crohn's about 7 years ago but I definately had it for some time before that.	NEUTRAL
1249648000	I have also dealt with back pain for the last 20 years and have always dealt with it via chiro, acupuncture, massage, physio, swimming etc.	NEUTRAL
8768656768	but in the last 6 months I've had some episodes that have been the most painful of my life and have only recently been told that the two are likely related.	NEGATIVE
1383629755	I've been on Humira for 2 yrs, infliximab I reacted badly too, and colazide gives me diarhea and the sulfasalizine type drugs just do bugger all.	NEGATIVE
1644333805	I want to only to say I empathise with you all.	POSITIVE
1172349810	To others we look like we're okay, it's hard for them to understand the excrutiating pain we can be in.	NEGATIVE
512255754	And I'm relieved to discover there is a connection between the two.	POSITIVE
1079230336	Along with humira (and now celebrex) I take cod liver oil, spirulina, pro biotics, zinc, magnesium orotate.	NEUTRAL
1913277086	I make sure I eat lots of healthy, grass fed red meat and well cooked vegetables.	NEUTRAL
317152876	Don't fall for the 'raw is best' line, hard enough for any body to absorb nutrients from raw veg without a rumen let alone us with absorprtion problems.	NEGATIVE
1278598713	Good luck all	NOT_LABELED
784769714	I'm a 51 yr old female diagonsed with Crohns last summer.	NEUTRAL
1559912435	 Prior to that I have had bathroom issues for several years.	NEGATIVE
1188101272	 Within the last 4 yrs I had rt shoulder surgery, but the pain is horrible.	NEGATIVE
447866439	 The pain starts under rt shoulder blade, radiates down rt side of back and rt side, under rt rib cage, rt abdomen, rt arm and wrist very week and even makes my rt breast hurt.	NEGATIVE
799954702	I've tried several meds nothing seems to help.	NEGATIVE
2092608373	 It seems like the only time I can really get relief is when I've been admitted to hospital (twice) and they pour on the fluids, however short term.	POSITIVE
1050326345	I thought I was CRAZY.	NEGATIVE
1189119104	I have a appt with Gastro shortly.	NEUTRAL
1343246857	 Hopefully they can help with all this crazy pain.	POSITIVE
1963462330	Hi, I was diagnosed with crohns disease in 2003, I had one colon resection in 2006.	NEUTRAL
1353319654	I am in pain everyday, and I too think that I am crazy, and would not ever wish this debilitating disease on no one.	NEGATIVE
1049978542	I am always reading to find out more about this disease.	NEUTRAL
2007010355	I change my diet from time to time, but it is never the same.	NEUTRAL
175674117	What I ate last week, I can not eat this week.	NEGATIVE
1623225212	I get sick just thinking about what to eat and what not to eat.	NEGATIVE
1191949595	I have taken Asacol, Imuran, prednisone, entocort, and the list goes on.	NEUTRAL
1577551267	I try to pray daily, but my mind is so much on the pain, I forget to sometimes.	NEGATIVE
980038888	I ache through out my whole body daily, I go through the pain and every other night I take a vicodin to help me sleep. (	NEGATIVE
1643715253	do not want to become addicted) tylenol nor tylenol PM works for me anymore.	NEGATIVE
959815055	I have Rheumatoid arthritis stemming from the crohns.	NEUTRAL
173449105	Sometime I do not even know what to say or how to describe my pain anymore, because it just seems as though people do not believe you, and I guess because I still have to get up and do what I have to do; cook, clean, wash, drive kids, which is dangerous because my legs sometimes lock up on me and I have to pull over until the pain goes away.	NEGATIVE
1303761877	I feel for everyone on this panel and I understand the misery of Crohns, we are not CRAZY, just in constant PAIN.	NEGATIVE
414938450	Hi, Yes, it's probably all related, because Crohn's and arthritis are both auto-immune conditions, where the body's immune system attacks the body itself.	NEUTRAL
1480682833	I did it the other way round, I've had arthritis for many years, since my 30s (I'm now 61) and I got Crohn's at age 54.	NEUTRAL
62174423	It was blamed on the anti-inflammatory drugs I had been taking for years.	NEGATIVE
857711777	I have especially bad arthritis in my spine and can't now take much in the way of anti-inflammatory, only 1 tab of naproxen a day, but it does take the edge off.	NEGATIVE
205029004	What's really good for joints is green-lipped mussel supplement, freely available.	POSITIVE
280667925	I got on to it because the vet gave one of our dogs some for hip arthritis and within a couple of days she was jumping round like a puppy, so I thought if it works for the dog, it's gotta help me too!	POSITIVE
1135428941	Give that a try, it doesn't seem to irritate the gut.	POSITIVE
1119157875	Hi I have Crohns disease and have just started getting alot of joint pain , mainly in my right hip , its so bad some times i am unable to weight bare on it , Any advice ?.	NEGATIVE
857293846	HiI've just started on low dose naltrexone and have relief of joint pains for the first time!	POSITIVE
1671148877	 Please go to the website www.idninfo.org and look up the info.	NEUTRAL
1397169373	 I'm so grateful I did.	POSITIVE
1724375647	 All the best, S.	NOT_LABELED
67826618	I was diagnosed with UC 15 years ago that never went into remission and I had a colectomy with j-pouch surgery 13 years ago.	NEGATIVE
305233359	 That took care of the intestinal issues, but I have had fatigue and joint/muscle aches all along the way and they have recently gotten worse.	NEGATIVE
2126963599	 The slightest exertion can leave me achy, weak, nauseous, and blurred vision for 1-3 days after.	NEGATIVE
841726574	 Usually I'm battling fatigue and aches on a regular basis, but it gets a lot worse after any exertion.	NEGATIVE
34779287	 All blood work comes back normal.	POSITIVE
605916308	 Doctor has me on fish oil and anti-depressants.	NEUTRAL
1522321934	 They help a little.	POSITIVE
648911477	 So I'm another example of this IBD-related pain syndrome.	NEUTRAL
589531642	 Feeling pretty hopeless but plan to try arthritis medicine like Celebrex if doc agrees.	NEGATIVE
1322070083	Your symptoms are the same as mine.	NEUTRAL
862622682	 My bowels are in remission, but I suffer with fistulas.	NEGATIVE
2124580758	 I have been having the same arthritis symptoms for the past year, severe.	NEGATIVE
876907767	 Moves from joint to joint severely every day.	NEGATIVE
1486130927	Every joint, from my toes, feet, ankles, knees, shoulders, elbows,wrists, fingers.	NEGATIVE
774526007	 It seems to be leaving me with nerve damage.	NEGATIVE
37732622	 Now have numbness below one knee and all fingers in left hand.	NEGATIVE
312053613	 My right hand has nerves pinching currently and unable to straighten my finger.	NEGATIVE
1808347718	 Also affects my tendons.	NEUTRAL
569425655	 I also feel it must be more than just arthritis.	NEUTRAL
1582653154	 I am only 50 and feel I will have to get on disability soon if I don't get this under control.	NEGATIVE
1271673456	 What the heck!!!!	NOT_LABELED
2071674007	 Did you ever get a doctors response?	NEUTRAL
616249066	Hi everyone,  I have had moderate U.C. for 8 years now and I have taken prednisolone tablets (steroids) about 3 times over that timeframe, but generally I control my U.C by using prednisolone enemas which I am doing at the moment.	NEUTRAL
854495967	I'm relatively healthy despite needing to go about 4 times a day but I'm never really in remission.	NEUTRAL
317497807	Anyway my question is are there any other women experiencing a little bit of HAIR LOSS as I find my hair is thinning around my crown abit, and my part seems to be widening.	NEUTRAL
322966586	I am the type of person who is also a worrier and a stresshead at times, so I don't know whether it's to do with that as well.	NEUTRAL
413068726	Anyway it would be great if you could let me know.	POSITIVE
1534886589	Ask for a hormone test.	NEUTRAL
1542608784	Your hair loss doesn't have to be a part of the UC.	NEUTRAL
287561258	In any case patchy hair loss is a symptom that should be looked into.	NEUTRAL
349326459	I am a hairdresser and I have noticed that women with UC because of lack of nutrion lose Can have hair loss.	NEUTRAL
989197575	You don't absorb enough vitiamns.	NEGATIVE
662715332	So you might want to take some.	NEUTRAL
1625686935	Also it could be hormones like was suggested or it could be a thyroid problem.	NEUTRAL
175706729	If you are stressed alot its likely to be that also.	NEUTRAL
1132415100	When you get stressed your scalp tightens up and it cuts the circulation off to the hair follicals and your hair can get dry and brittle.	NEUTRAL
657910252	so stimulation to the scalp helps hair growth and health.	NEUTRAL
1491605281	You might have some blood work next time you go to the doctor just to rule out all the other stuff mentioned.	NEUTRAL
426647549	I am 40 years old and was recently diagnosed with UC (in December).	NEUTRAL
616060537	I am taking Lialda and Iron pills.	NEUTRAL
1036408410	Since the treatments began (and believe me I was stressed prior to then) I am having significant hair loss.	NEGATIVE
1475998633	I have always had an overabundance of hair, so initially this didn't concern me.	NEUTRAL
950645066	However, I have just started to notice what you mention.	NEUTRAL
1320458453	Widening part, small bald patch at the crown.	NEGATIVE
1300647428	This does concern me!	NEGATIVE
1495873308	I think vitamin supplements are worth starting and will do that right away.	NEUTRAL
2102013401	I have also read articles about lack of iron leading to hair loss - but don't you think my twice daily iron supplement would prevent this?	NEUTRAL
56216818	In any case, I would be interested to know if you find something that works and I'll do the same.	NEUTRAL
1331718505	Hair loss is a side effect from Mesalamine, which is an NSAID (non-steroid anti inflammatory).	NEGATIVE
1598511868	Treatment with NSAID's creates a shock to your system which transforms hairs in the growing stage to the dormant stage (for a few months) and then the shedding stage.	NEUTRAL
1481378950	This is why you don't see the shedding until a few months in.	NEUTRAL
250230108	The damage is done when the hair is rendered dormant, but the shedding that follows takes a few months.	NEUTRAL
89599994	Do some research on NSAID's and hair loss.	NEUTRAL
1199482844	I am a 31-year-old woman who has had U.C. for three years.	NEUTRAL
137277927	 I was taking my regular (doctor recommended) vitamins: fish oil, calcium, vitamin D, vitamin C, magnesium; and stopped taking them because I was tired of taking so many pills every day, along with Asacol.	NEGATIVE
472024597	 Soon I developed severe pneumonia, was in the hospital for two weeks, had lots of chest x-rays, and my hair began just dropping out.	NEGATIVE
1276583535	 Then the remaining hairs were quite thin and showed a piment-less stripe all around.	NEGATIVE
652498231	 The stripe makes it easy to see how far my hair has grown in a year -- 3.5”, compared to the normal 6”.	NEGATIVE
911821374	 As soon as I went back on my vitamins, the hair loss desisted and the lost hairs began growing back right away.	POSITIVE
1795868889	  In other words, take vitamins!	NEUTRAL
1260876339	 And if your U.C. is still not under control, ask your doctor about stepping up your treatment to a medication like Imuran (Azathioprine), an immunosuppressant, and go to a bowel disease specialist.	NEUTRAL
1508384053	 Taking these steps has turned my life around – I feel better than I have in three years!	POSITIVE
656678307	  Just don’t skip doses.	NEUTRAL
215392209	Do you know if the hair loss just a temporaray side effect from the mesalamine?	NEUTRAL
1116223814	 I'm taking it(Lialda) and noticed my hair really shedding now the past week or two.	NEGATIVE
1900651193	I've been on the Lialda for about 4 months.	NEUTRAL
1623163753	 I hope it's not permanent.	NEUTRAL
243805365	I would suggest assisting your circulation with L-argimine and ginkgo biloba.	NEUTRAL
1963085439	 I have Celiac disease, so I also have absorptive problems.	NEGATIVE
434040227	 I take lots of vitamins and minerals and eat gluten-free and eat healthy.	NEUTRAL
1578570558	 But adding these two aids to circulation has me looking great (skin).	POSITIVE
2100493249	 So between those and adding a shower water filter to take out both chlorine and chloramine that my city adds to the water, my skin and hair are optimized.	POSITIVE
2084620599	 My hair looks healthy and fuller, although it's only been a few weeks.	POSITIVE
1331545142	Lialda nd any other type of mesalamine do not cause hair loss.	POSITIVE
827326947	Steroids  and malnutrition do.	NEGATIVE
1822900451	It can be either and at 7, I would ask a doctor.	NEUTRAL
1845145772	Take vitamins.	NEUTRAL
665843103	 It was only a matter of time and not your medicine.	NEUTRAL
142989457	Has anyone experienced hair loss with using 6mp for UC.	NEUTRAL
1802240096	I've been on it for 2 months and noticed hair loss in the last three weeks.	NEGATIVE
1901770186	Does this ever stop?	NEUTRAL
